codigo,producto,multiplicador_produccion_domestica,encadenamiento_atras_normalizado,encadenamiento_adelante_normalizado,coeficiente_importacion_directa,requerimiento_importacion_total,multiplicador_valor_agregado,multiplicador_empleo_puestos_por_millon
P001,Maíz,1.27092172457894,0.86179914490041,1.05218252018142,0.15016828423575,0.205066341840068,0.827822610636615,176.585134208583
P002,Frijoles,1.366652332949,0.926713100526938,0.746801479393442,0.0833220066064043,0.146196510702537,0.900535949762357,229.803745578357
P003,Leguminosas (legumbres secas) y semillas oleaginosas,1.48260494104398,1.00533938928468,0.850082275470921,0.2010126211828,0.286942369814177,0.706533609791844,168.157147724468
P004,Arroz,1.47336547691917,0.999074202272681,0.821329980088232,0.205847713080351,0.292779689964288,0.698115632897374,31.8228369551219
P005,Otros cereales,1.29213539090717,0.876183917108098,0.686696822364521,0.184194517772796,0.242026894908012,0.751537562697927,153.944503380727
P006,Hortalizas,1.25396852382601,0.850303351233774,0.799774546546802,0.088961389662407,0.141624522021829,0.85180356092365,28.5022870376051
P007,Sandías y melones,1.27887415276141,0.867191605879708,0.679683603551312,0.116649357327296,0.172166820661562,0.821375571778248,28.0639092628854
P008,Ejotes y arvejas,1.23046750913253,0.834367551274226,0.707129463498391,0.0818281348029427,0.129977911325222,0.864122688424764,28.4993991171592
P009,Raíces y tubérculos,1.41625563642363,0.960348598049682,0.728346669884161,0.107780446659485,0.182767932779087,0.808508823791172,24.8730876101376
P010,Caña de azúcar y otras plantas azucareras,1.68693936358318,1.14389649096326,1.27807240764427,0.12487320683092,0.193055768759695,0.791234837613867,15.8151165539673
P011,Tabaco y otras plantas no perennes,1.35096080783035,0.916072836325051,1.06478409057653,0.0905535021114628,0.140407591945312,0.851763595569142,28.2017566241154
P012,"Bananos, plátanos y otros",1.43769407234383,0.974885784240398,0.712334431479581,0.118800310367477,0.202214463162426,0.787681607461893,16.5607414654918
P013,Frutas tropicales y subtropicales,1.19501587919588,0.81032816019776,0.77302412395739,0.0587643220055981,0.0957417377057713,0.899911227809131,43.4810136740547
P014,"Berries, otras frutas y semillas de frutas",1.29096741193776,0.875391922402493,0.777464705713827,0.0911898482729317,0.151811312219625,0.842137539368137,44.6289861702443
P015,Palma africana,1.39211115210022,0.943976467853486,1.22902659714673,0.105891233101788,0.173887322799294,0.817537070104276,14.1846213336816
P016,Café en grano,2.08956023340053,1.41690962357188,1.18207210475477,0.0256977031091731,0.0853621529349077,0.909518994911225,31.0967669827669
P017,Cardamomo,1.81583195822136,1.2312972534925,0.979904481068209,0.032279406793364,0.0854625903369413,0.908592695193989,36.7051084962551
P018,Caucho natural,1.9958577340132,1.35337090809844,1.06047021749734,0.0722185829674842,0.174394380483957,0.811834466898217,11.1215625910017
P019,Propagación de plantas,1.68731144417734,1.14414879504437,0.834725422534063,0.183431901566087,0.276475383646453,0.692506298009736,26.3250590391579
P020,"Otros frutos oleaginosos, otras plantas bebestibles y especias aromáticas",1.36629502237008,0.926470811843519,0.68922233736711,0.117526946563748,0.180161513288841,0.805229491602757,38.8075029681485
P021,Ganado bovino,1.29301124049095,0.876777821837055,1.26158207469123,0.0725374315155945,0.125824000637749,0.869428304106766,22.8005081272786
P022,Ganado porcino y otro tipo de animales vivos n.c.p.,1.8547982893645,1.25771992784736,1.2812015454141,0.0456604961930192,0.286923538900291,0.705867065367305,25.1305493060821
P023,Aves de corral,1.97239514159786,1.33746116189642,1.36261020732478,0.0532986431859272,0.300078998715234,0.694499592590092,14.5613797108191
P024,Leche cruda,1.8487218165075,1.25359953316773,1.17514988546136,0.170049010464766,0.351676860744678,0.639527425333583,17.0452813743957
P025,Huevos,1.46938999863841,0.996378470728659,0.709520287712029,0.0364493421445422,0.170660128732304,0.825366991278466,13.2308544623771
P026,Otros productos de animales vivos,1.59059510888455,1.07856642797857,0.691415299469272,0.0408170723245723,0.115241788311209,0.877023316340776,23.4021537637777
P027,Troncos de madera y leña,1.15903914695125,0.785932702566406,1.10789332141538,0.0486088410422384,0.0740810511333994,0.918172837470582,56.1157337423351
P028,Productos forestales no madereros,1.32678000529741,0.899676079118944,0.682504118012017,0.0592951820252806,0.108083565703989,0.881934625163759,44.3971011916315
P029,"Peces vivos, frescos o refrigerados",1.23228338242652,0.835598876557083,0.700452740216565,0.228187039363356,0.265017052255985,0.69560250187365,25.2936930923985
P030,Crustáceos sin congelar y otros productos de la pesca,1.68388643177874,1.14182632883791,0.721599165635169,0.0900541536041921,0.253666003432934,0.736653040250025,18.6821026995799
P031,Petróleo crudo y gas natural,1.3489500808731,0.91470938274733,0.902335910626413,0.154865403536965,0.209564930972577,0.777662335757163,1.62845569949983
P032,Minerales metálicos,1.35224526427174,0.916943813224293,0.678089868348048,0.1378702806695,0.197943023456832,0.791210488679762,2.30635409762656
P033,Minerales no metálicos,1.37169817180717,0.930134632733983,1.25627514748444,0.119605875969658,0.166285301032094,0.816938457760345,15.7773724587844
P034,Carne y despojos comestibles de ganado bovino; cueros y pieles de bovino y de otros animales,1.98166820672736,1.34374913340926,0.947832333210751,0.0162871329954542,0.114292030429419,0.877440642118515,19.7016380227352
P035,Carne y despojos comestibles de ganado porcino,2.35180574639109,1.59473564895052,0.758656396612412,0.00707989593121568,0.210665136030608,0.781849410150103,23.235233404828
P036,Carne y despojos comestibles de aves,2.36674459892313,1.60486553349724,0.777518377513185,0.0327877574317024,0.235452190912108,0.756344293131434,13.0699703071534
P037,Carne y despojos de otros animales y conservas y preparados de carne,1.95783119298782,1.32758549590082,0.727523678656866,0.132759780230475,0.251268348061908,0.736503962745115,11.8800455440057
P038,"Pescado congelado, preparado o en conserva y sus productos",1.19385546206971,0.809541293101447,0.683040595243492,0.561589702310699,0.590872470540312,0.395238125531058,2.77260213793542
P039,"Crustáceos, moluscos y demás invertebrados acuáticos congelados, preparados o en conserva y sus productos",1.48711653421006,1.00839865490071,0.800859000734287,0.364377744534873,0.46442463505035,0.526874259150838,4.06142119697324
P040,"Vegetales preparados o en conserva, legumbres y papas",1.69386721127492,1.14859419429248,0.694793508648852,0.23457495284473,0.321183178238538,0.664515614860946,18.5565102604913
P041,Preparaciones y conservas de frutas y nueces,1.4844923460342,1.00661921948602,0.716406721811592,0.156979670764745,0.216566820194516,0.775130997641317,13.8256789467332
P042,Jugos de frutas,1.65030506785183,1.11905514619376,0.688934210459643,0.219723385951679,0.299262534465626,0.685092871985741,11.7547974979209
P043,Aceites de origen vegetal,1.80693624625906,1.22526516133912,0.935159892500759,0.11422459782393,0.217706757665192,0.77406363892499,8.23933585194216
P044,"Margarina, grasas y otros aceites de origen animal y vegetal",1.848871606987,1.25370110457426,0.850993732079469,0.142454389617179,0.248417050306887,0.741317684641912,9.03432856415577
P045,Leche líquida y crema procesada,1.98214837010211,1.34407472732884,0.696196239852811,0.0756343738401298,0.240441266063075,0.745882888175419,15.9126550744139
P046,Otros productos lácteos n.c.p.,1.92770447250568,1.30715687197532,0.690775798316304,0.0812478353815747,0.235968334642859,0.749285176986798,15.8242512634689
P047,Harina de trigo,1.26569033682357,0.858251793866087,0.859488501565494,0.557671656946243,0.600595310263131,0.390574037809176,1.917866312184
P048,Arroz sin cáscara,1.37187532202482,0.930254756501748,0.683057165877184,0.398827660682081,0.459701127978931,0.528117300212709,6.72092808878235
P049,"Otros productos de molinería, almidones y productos de almidón",1.44685048291357,0.981094653478175,0.721344020361798,0.328222622155219,0.396156635759679,0.595529309133664,17.9916995500916
P050,Pan y otros productos de panadería y repostería n.c.p.,1.67175547969703,1.13360045313789,0.703380501383708,0.107251557414917,0.286691953343373,0.702778427027699,10.7894412688628
P051,"Tortillas de maíz, incluso tostadas, horneadas o fritas",1.46621387070247,0.99422477055472,0.690935866009631,0.138359694343407,0.194447417233579,0.805549402051781,59.3401409886162
P052,"Azúcar de caña sin refinar y refinada, melaza y los demás azúcares n.c.p.",2.02340021077659,1.37204718254091,1.2821357561353,0.0325251709555909,0.156451982340811,0.830110824697337,9.51753772628381
P053,Productos alimenticios n.c.p.,1.55783738529888,1.05635374750499,0.79350383398171,0.264581311908068,0.331714938974223,0.653632307390786,7.8842463568155
P054,Preparados para alimentación animal,1.4954228178325,1.01403106166871,2.80489787222452,0.406547744872738,0.477963562171579,0.519158243041544,18.324596304713
P055,"Aguardientes, licores, vinos, demás bebidas espirituosas y productos del tabaco",1.81739059608039,1.23235415003313,0.727787074173922,0.0885733911216032,0.179759728727781,0.798953664528395,11.8623465354028
P056,Malta y cerveza de malta,1.47655713254374,1.00123843161496,0.682443391447729,0.346950125637263,0.427127080045037,0.556833768785994,3.18223513633044
P057,Bebidas no alcohólicas,1.74084031357767,1.18044617904886,0.697800129531722,0.268432881874336,0.365603279609092,0.616853102710596,5.20011951650603
P058,Aguas minerales y otras aguas embotelladas,1.35482650746659,0.918694128082463,0.706015067875227,0.111909795593378,0.165413057919394,0.824419914090208,3.76639956123474
P059,"Hilados, tejidos, telas y otros productos textiles excepto prendas de vestir",1.47480031627594,1.00004715230321,1.06299282775747,0.301305537013262,0.389071686254714,0.597307250032974,11.3858307827013
P060,"Prendas de vestir, adobo y teñido de pieles",1.57984188321217,1.07127477459807,0.771259212645703,0.23789670690138,0.332301320063394,0.651522240306933,11.0434611965409
P061,Cuero de piel curtida o adobada y cuero artificial o regenerado y artículos de cuero,1.75792050740315,1.19202808543133,0.903257877769907,0.109781929746168,0.174630676470156,0.81347547753795,14.9883213739749
P062,"Calzado y sus partes, de cualquier material y de cualquier uso",1.66458053552276,1.12873519618735,0.703902556148469,0.203462512077021,0.282252045137381,0.703287721149382,11.7141309531197
P063,"Madera aserrada y acepillada, productos de madera, corcho, paja y materiales trenzables",1.68424077564051,1.14206660582049,1.15395014035311,0.140476681136287,0.211201549490764,0.775085657774498,24.16918585783
P064,Pasta de papel y papel,1.44394866818758,0.979126962312657,0.947231573656011,0.437548207649542,0.511018954989894,0.475532164524864,4.70621206489885
P065,Envases de papel y cartón,1.4069160380649,0.954015511028188,0.987910688741313,0.390431181641548,0.457354815691758,0.530925484601768,5.05555215905482
P066,Productos de la edición,1.42805558890477,0.968350026274126,0.78341823311667,0.155438565915864,0.212789142627854,0.776024423814686,4.93937439087588
P067,Productos de la impresión,1.5042740313169,1.02003297985506,0.857053331375078,0.256611487951917,0.340730636474796,0.643131584976073,7.80966910099856
P068,"Gasolinas, diésel oil y fuel oils",1.18756649778356,0.805276810136604,0.706941863348325,0.0618745126630319,0.0951265332168373,0.898396189146997,1.10615188901435
P069,"Aceites, grasas lubricantes y otros aceites preparados",1,0.678089868348048,0.678089868348048,0,0,0,0
P070,"Gases de petróleo, otros productos de la refinación de petróleo n.c.p.",1.31445188201031,0.891316503622211,0.78849434132141,0.182302124358181,0.225954720622706,0.760672299568159,1.55786941490563
P071,"Abonos, fertilizantes y pesticidas",1.38699355470162,0.940506276907212,1.99397581032246,0.306284551297615,0.386943244322931,0.603233723398109,2.6612433696276
P072,"Pinturas, barnices, tintas y productos relacionados",1.38517569193751,0.939273602584823,0.862950091628149,0.373303038014969,0.431197605612173,0.554595328789184,4.24084937007557
P073,"Jabón, preparados de limpieza, perfumes y preparados de toilet",1.31595903047306,0.8923384857249,0.770612433178201,0.365524461746935,0.40930604810833,0.579011305478464,3.49101654143688
P074,Otros productos químicos,1.72486015434599,1.16961019497926,0.914288001686835,0.195207828256318,0.276532995960316,0.710973335158762,5.73029754302566
P075,Productos farmacéuticos,1.41687322732777,0.960767380184558,0.693901176550298,0.355755080382757,0.422470514646561,0.56223110493918,3.8210780977709
P076,Productos de caucho y plástico,1.30068001911503,0.881977942924647,1.66756402244784,0.475894306254078,0.522764396413986,0.466947704520112,4.16314588197856
P077,Vidrio y productos de vidrio,1.50431204851078,1.02005875892906,0.808222912789542,0.288806080944954,0.37063196191319,0.614054998704343,4.03659827659356
P078,Productos de cerámica y arcilla,1.55421670142235,1.05389859845182,0.81532728118785,0.136782134550059,0.206887678879191,0.778188947192623,19.8219777645451
P079,"Cemento, cal y yeso",1.55347057218101,1.05339265577279,1.44381062433618,0.0957643828894779,0.177155436622125,0.806356950775359,3.68987693030812
P080,"Artículos de hormigón, cemento y yeso",1.89875287602272,1.28752508772772,0.892908571864057,0.0661392271911241,0.16974642153261,0.80012652172852,7.92681418156883
P081,Piedras talladas para construcción y otros productos minerales no metálicos n.c.p.,1.68375127508284,1.14173468045178,0.764268351949897,0.195456565315112,0.289869498529439,0.691509800554195,6.97587162694833
P082,"Métales básicos de hierro y acero, productos primarios de metales preciosos y otros metales no ferrosos",1.39223775059158,0.944062313007826,1.21515594978145,0.427777727717767,0.482833893666878,0.504818346773316,3.50605620955027
P083,Productos metálicos estructurales y sus partes de hierro o de acero,1.24547985536003,0.844547271151226,0.831739904986144,0.514618285034395,0.555630658677895,0.432083840554504,7.50482569264721
P084,Otros productos elaborados de metal,1.26174861054578,0.855578949213318,1.15794806716186,0.469994657851002,0.50206076895276,0.484157655768322,7.11987284790311
P085,"Maquinaria para usos generales y especiales, sus partes y piezas, excepto electrodomésticos",1.31788842907352,0.893646791367876,0.769881256944309,0.347633792190764,0.406278036414286,0.582758540515199,4.89719440823991
P086,Electrodomésticos y sus partes,1,0.678089868348048,0.678089868359196,0,0,0,0
P087,"Maquinaria de oficina, contabilidad e informática, sus partes y piezas",1,0.678089868348048,0.678089868355326,0,0,0,0
P088,"Maquinaria y aparatos eléctricos, sus partes y piezas",1.47144884394016,0.99777455286827,0.689942267679936,0.428786278059199,0.514121591245783,0.468343493849134,4.19576814651034
P089,"Equipo y aparatos de radio, televisión y comunicaciones",1,0.678089868348048,0.678089868348048,0,0,0,0
P090,"Aparatos médicos, instrumentos ópticos y de precisión, relojes",1.49811157172438,1.01585427844127,0.682383095609026,0.190006820150549,0.284613678400601,0.697081768463753,8.15563438797541
P091,Equipo de transporte,1.46917745092275,0.996234344276129,0.702855769270461,0.253599164223935,0.358787197542127,0.626724467524101,5.24212033518388
P092,Muebles,1.76913013864915,1.19962922280716,0.687594718836003,0.133499004445138,0.234738590570262,0.751280473986639,15.047405964314
P093,Otros artículos n.c.p.,1.42374012489872,0.965423753854403,0.836484055332223,0.189184899757854,0.276203943268411,0.709916085844518,8.65929496831555
P094,Residuos y desechos,1.22270517360746,0.829103990199956,0.98740737665544,0.0969736669665107,0.124118504610374,0.860796186195699,13.6514090119231
P095,"Generación y distribución de energía eléctrica, gas, vapor y aire acondicionado",1.30001521875469,0.881527148535825,2.76035830937891,0.202779065862871,0.233056989957119,0.757137871107353,2.57202960329776
P096,Agua natural y distribución de agua natural,1.43552165116684,0.973412687450495,1.17058541650628,0.077013567412735,0.1388272074238,0.845311952466349,12.6351601992538
P097,"Evacuación de aguas residuales, recogida, tratamiento y eliminación de desechos",1.25099861673268,0.848289487323855,0.735988205968992,0.142413787950032,0.172728779162321,0.807852621998818,17.8148339644506
P098,Edificaciones residenciales,1.60270999891624,1.08678141216521,0.678089868348048,0.0955712604975894,0.193670601029486,0.790004201795112,16.0388449707854
P099,Edificaciones no residenciales,1.71147851592574,1.1605362415446,0.678089868348048,0.158477763510872,0.269743330730327,0.710586968519238,10.1194802756562
P100,Obras de ingeniería civil,1.69435813854529,1.14892708710062,0.678089868348048,0.102955944753426,0.206723337240857,0.77222153574041,6.84320004293813
P101,Servicios generales y especializados de construcción,1.68873814775875,1.14511622828805,2.09422809271904,0.133818947481878,0.234380465994086,0.743965448504428,9.4382554515454
P102,Servicios de comercio,1.34485937290511,0.911935515119865,6.26869069696693,0.0347461506552005,0.0720640395044706,0.917315740528037,13.1389314243583
P103,Mantenimiento y reparación de vehículos automotores y motocicletas,1.27440289033316,0.864159688128383,1.28180574423171,0.115739281494925,0.151888835527998,0.833193714444126,12.852913529815
P104,Servicio de transporte de pasajeros por vía terrestre,1.31701041823992,0.893051421117317,0.730553670384321,0.253803806972404,0.287103064603448,0.688748438193122,11.2832502216556
P105,Servicio de transporte de carga por vía terrestre,1.37323148102142,0.931174354177212,2.23105606666983,0.262860182291471,0.303462895508604,0.665626043195646,10.7000802634631
P106,Otros tipos de transporte,1.44705954100446,0.981236413651502,0.721417517599419,0.171947278280164,0.228451869543886,0.751625345813594,6.30924258042255
P107,Servicios de almacenamiento y depósito,1.48789596584946,1.00892717959845,0.734001029481162,0.0124083105013699,0.0576369814392119,0.929248084832121,8.43860704408906
P108,Otros servicios de apoyo al transporte,1.57966390920112,1.07115409222435,1.21931369162415,0.0714300816518152,0.139374082078505,0.845916961900729,8.33734545843918
P109,Servicios postales y de mensajería,1.5221151882681,1.03213088762328,0.810661367934224,0.136224938934666,0.197829108911943,0.779900116074175,9.48348950398443
P110,Servicio de alojamiento,1.51213124449257,1.02536087650294,0.947071703746867,0.0904420102358263,0.154929122443265,0.828730424837773,12.2094863175414
P111,Servicio de suministro de comidas y bebidas,1.82783041002093,1.23943328209365,1.0844421371296,0.10443608004869,0.20668525340102,0.775665148475367,18.3418995390712
P112,"Servicios de información, telecomunicaciones y radiodifusión",1.3241712004404,0.897907074976904,1.59890559390801,0.121438951522165,0.152671022915695,0.83639165470332,2.68578492513726
P113,Servicios de banco central,1.82722001427535,1.23901937892289,0.678089868348048,0.0678597740845416,0.138226272008155,0.836442697480405,5.44799305485781
P114,Otros servicios financieros y servicios de banca de inversión,1.72564405512379,1.17014175015448,0.973761767256968,0.111836042213055,0.174739754322652,0.809024545580402,6.44324956138464
P115,Servicios de Intermediación Financiera Medidos Indirectamente (SIFMI),1.42203882274184,0.964270118098824,1.68539031655709,0.0247487204634003,0.0613305284402167,0.929076804755128,5.29432713080687
P116,"Servicios de seguro, reaseguro y fondos de pensiones",1.69232895842324,1.1475511206188,1.15303434142223,0.217709427380501,0.271490516608021,0.71105533021066,3.38152467887026
P117,Servicios auxiliares de la intermediación financiera,1.57091077604947,1.06521868131791,1.45823196574623,0.0278072640738142,0.0729556073499774,0.914860039405379,5.25475972818385
P118,Servicios de alquiler de vivienda,1.08741642826434,0.737366062681271,0.678089868348048,0.000985396935796516,0.0121380814565419,0.985627054226481,0.466945049277905
P119,"Otros servicios inmobiliarios, excepto alquiler de vivienda",1.38783843759411,0.941079183436552,2.35911743198053,0.0129583435201073,0.0511416039910316,0.937791446309211,6.12037125278781
P120,"Servicios jurídicos, de contabilidad, auditoría, teneduría de libros y consultoría fiscal",1.23755628738919,0.839174379989037,1.54206071044763,0.0211946703821923,0.0437898977155436,0.949335474400067,8.83273943497736
P121,Servicios de tecnología de la información,1.40364098698688,0.951794732073858,1.01533769881854,0.0983145084394567,0.13638542839165,0.849133368971836,7.40008705849186
P122,"Servicios de arquitectura e ingeniería, ensayos y análisis técnicos",1.45356007203977,0.985644357885423,1.17868282535615,0.0492883568053884,0.0862589164234966,0.899402705391768,5.75606173255686
P123,"Otros servicios profesionales, científicos y técnicos",1.36167799609589,0.923340053105093,1.93929711550732,0.0320923533658184,0.0613060097645461,0.928407476358329,8.12306716144978
P124,Servicios de publicidad y estudios de mercado,1.53022503080048,1.03763008967838,1.53433744414447,0.0874927281735582,0.142704667879913,0.841628898960413,6.6402932280692
P125,Servicios de arrendamiento o alquiler sin operador,1.36060857035232,0.922614886343431,1.55469164560983,0.0572475144461169,0.100141927343826,0.887298866908178,7.99636065345088
P126,Servicios  de agencias de empleo y de dotación de recursos humanos,1.12857197258112,0.765273220308831,1.9767485153842,0.0148205293875293,0.0268837008220466,0.969026400747297,18.7299849438834
P127,"Servicios de agencias de viajes, operadores turísticos y actividades conexas",1.48461999971634,1.00670578015453,0.685055680829524,0.0552073762834076,0.103552380725463,0.880548366680096,8.34913639115924
P128,"Servicios de seguridad, sistemas de seguridad e investigación privada",1.19615277024923,0.811099074502452,1.33900647187962,0.0316937664862674,0.048418218395897,0.944588551101349,14.9015533616772
P129,Servicios de limpieza,1.3399142160919,0.908582254387432,0.901034022233695,0.0315589949283742,0.0712158360419863,0.918454368970362,14.7138133922715
P130,Servicios telefónicos de centros de llamadas,1.28299928058001,0.869988813259138,0.70960757609402,0.0124869879883388,0.036907129744896,0.955620623938907,8.83391522483277
P131,"Servicios administrativos, de apoyo de oficina y otros servicios de apoyo a las empresas",1.32588620525068,0.899070002362925,1.08794918510685,0.0508713357349915,0.0842322226338681,0.902940559822307,9.09039690991641
P132,"Servicios de mantenimiento, reparación e instalación de productos metálicos elaborados, maquinaria y equipo",1.54794137814106,1.04964336531417,1.69729525334722,0.316758323137536,0.39998498653673,0.580808662490042,6.38454571690896
P133,Servicios de reparación de otros bienes,1.24569315644222,0.844691908453966,0.821349586539535,0.112997588117746,0.147288616694396,0.84329936132555,17.5526027280568
P134,"Servicios de apoyo a la agricultura, caza, silvicultura y pesca",1.10713101643705,0.750734325179842,1.421796145235,0.0330989463600454,0.0460234096462237,0.94666090881926,57.7447293766219
P135,"Servicios de apoyo a la explotación de minas y canteras y los relacionados con la distribución de electricidad, gas y agua",1.48182959516443,1.00481363509929,0.761145043403898,0.27968062898344,0.355738788928111,0.629111209523698,3.47577449829031
P136,Servicios de manufactura,1.3776890527716,0.934196988418443,1.19214560946785,0.0910444328895693,0.155003047103886,0.834324526577773,15.418606359438
P137,Servicios públicos del gobierno general,1.71433266366585,1.16247161020993,0.678089868348048,0.0893225452472792,0.174328810997314,0.802857419632745,8.19183209813052
P138,"Servicios públicos administrativos relacionados con la provisión de servicios educativos, de salud, servicios sociales, culturales y otros, sin contar los servicios de seguridad social",1.36338874059402,0.924500091616607,0.678089868348048,0.0297839967259481,0.0736278741713043,0.914211715553673,9.89724455400879
P139,Otros servicios administrativos,1.69729627742901,1.15091940930947,0.678089868348048,0.0300142742027948,0.113469604803918,0.866941575030728,9.17251058652263
P140,Servicios públicos administrativos prestados a la comunidad en su conjunto,1.19894042544323,0.812989355245954,0.678089868348048,0.0285038614151596,0.0509354948594881,0.942385697797754,9.73551235437695
P141,Servicios administrativos relacionados con los sistemas de seguridad social de afiliación obligatoria,1.2673536535057,0.859379672056101,0.678089868348048,0.0622036472145845,0.0859248596934735,0.907494696518637,6.63200190367852
P142,Servicios de enseñanza,1.15816347630356,0.785338919172199,0.69634101170001,0.0210374978784687,0.0404107766575186,0.953548831082385,13.4566726878181
P143,Servicios de hospitalización,1.28555138932389,0.871719372341284,0.678089868348048,0.0693782148586469,0.105520393964936,0.882969944400102,10.0520549585047
P144,Servicios médicos y dentales,1.34515783390527,0.912137898500169,0.742377687565337,0.105281705622241,0.140661094438513,0.844688704369553,8.75537586693828
P145,Otros servicios de atención de la salud humana,1.45986030686963,0.989916483291767,0.755247475935226,0.0804352099269086,0.131056889670129,0.852524502525046,32.2861313939782
P146,"Servicios audiovisuales, recreativos, culturales y deportivos",1.52590619476474,1.03470153071949,0.746740441885661,0.0989276908549029,0.156754021273214,0.826003467709663,10.5375773019835
P147,Servicios de asociaciones que sirven a las empresas,1.4819731191715,1.00491095727435,0.751136670149017,0.0399724688344935,0.0878827227769288,0.897344301548557,7.65644605283057
P148,Servicios de asociaciones que sirven a los hogares,1.68615727385743,1.14336616384409,0.678089868348048,0.0670717581360567,0.136766480103651,0.838682410742676,9.40177291012109
P149,Otros servicios,1.15880792371108,0.785775912429923,0.687421712345739,0.0277478125858166,0.0457353980438077,0.948484321515209,12.2535506136417
P150,Servicios domésticos,1,0.678089868348048,0.678089868348048,0,0,1,48.6963448312358
P151,Compras directas en el exterior por residentes,1,0.678089868348048,0.678089868348048,0,0,0,0
P152,Compras directas en el territorio nacional por no residentes,1,0.678089868348048,0.678089868348048,0,0,0,0
