codigo,producto,producto_produccion_cero,apto_para_simulacion,estado_simulacion,coeficiente_insumo_domestico_directo,coeficiente_importacion_directa,coeficiente_intermedio_total_directo,coeficiente_valor_agregado_directo,coeficiente_impuestos_netos_sobre_insumos_intermedios_asociados_directo,coeficiente_empleo_directo_puestos_por_millon,multiplicador_produccion_domestica,multiplicador_produccion_indirecta,requerimiento_importacion_total,requerimiento_importacion_indirecta,multiplicador_valor_agregado,multiplicador_valor_agregado_indirecto,impuestos_netos_sobre_insumos_intermedios_asociados_total,impuestos_netos_sobre_insumos_intermedios_asociados_indirecto,multiplicador_empleo_puestos_por_millon,multiplicador_empleo_indirecto_puestos_por_millon,encadenamiento_atras_directo_normalizado,indice_dispersion_adelante_directo_normalizado,encadenamiento_adelante_directo_normalizado,encadenamiento_atras_normalizado,indice_dispersion_adelante_rh_normalizado,encadenamiento_adelante_normalizado,metodo_indice_adelante,tipo_encadenamiento,ranking_multiplicador_produccion,ranking_requerimiento_importacion,ranking_multiplicador_valor_agregado,ranking_multiplicador_empleo,ranking_encadenamiento_atras,ranking_indice_dispersion_adelante_rh
P001,Maíz,False,True,apto,0.200592039268066,0.15016828423575,0.350760323503816,0.683797665542198,-0.034557989046015,172.75251312235,1.27092172457894,0.270921724578938,0.205066341840066,0.0548980576043163,0.827822610636612,0.144024945094414,-0.0328889524766889,0.00166903656932611,176.585134208582,3.83262108623268,0.618575447333176,0.955330071857591,0.955330071857591,0.861799144900407,1.05218252018142,1.05218252018142,Rasmussen-Hirschman_filas_L_no_Ghosh,proveedor_estrategico,123,69,56,2,123,45
P002,Frijoles,False,True,apto,0.27086705455934,0.0833220066064039,0.354189061165744,0.692856356322964,-0.0470454174887092,216.456649847429,1.366652332949,0.366652332949,0.146196510702536,0.0628745040961319,0.900535949762359,0.207679593439395,-0.046732460464901,0.000312957023808229,229.803745578358,13.3470957309289,0.835285936835966,0.290690437481304,0.290690437481304,0.926713100526941,0.746801479393446,0.746801479393446,Rasmussen-Hirschman_filas_L_no_Ghosh,bajo_promedio,95,99,24,1,95,89
P003,Leguminosas (legumbres secas) y semillas oleaginosas,False,True,apto,0.344422708824117,0.2010126211828,0.545435330006917,0.451204665725349,0.0033600042677326,140.96363691832,1.48260494104398,0.482604941043977,0.286942369814176,0.0859297486313754,0.706533609791842,0.255328944066493,0.00652402039397041,0.00316401612623781,168.157147724468,27.1935108061473,1.06211309262311,0.586310524791602,0.586310524791602,1.00533938928468,0.850082275470922,0.850082275470922,Rasmussen-Hirschman_filas_L_no_Ghosh,impulsor_demanda,62,37,104,3,62,64
P004,Arroz,False,True,apto,0.351486612097776,0.205847713080351,0.557334325178127,0.437625995434283,0.0050396793875902,26.2992466631522,1.47336547691917,0.473365476919173,0.292779689964288,0.0869319768839363,0.698115632897373,0.26048963746309,0.00910467713832738,0.00406499775073718,31.8228369551218,5.52359029196963,1.08389639540704,0.627964741060527,0.627964741060527,0.999074202272683,0.821329980088234,0.821329980088234,Rasmussen-Hirschman_filas_L_no_Ghosh,bajo_promedio,67,34,108,15,67,69
P005,Otros cereales,False,True,apto,0.216544937726492,0.184194517772796,0.400739455499289,0.595148873230488,0.0041116712702224,150.451789726226,1.29213539090717,0.29213539090717,0.242026894908011,0.0578323771352151,0.751537562697925,0.156388689467437,0.00643554239405291,0.00232387112383051,153.944503380727,3.4927136545013,0.667770177773073,0.0317250302199953,0.0317250302199953,0.876183917108098,0.686696822364522,0.686696822364522,Rasmussen-Hirschman_filas_L_no_Ghosh,bajo_promedio,117,51,92,4,117,125
P006,Hortalizas,False,True,apto,0.183386234052322,0.0889613896624061,0.272347623714729,0.723553665671259,0.0040987106140103,26.5797628288484,1.25396852382601,0.253968523826009,0.141624522021827,0.0526631323594212,0.851803560923651,0.128249895252392,0.0065719170545114,0.0024732064405011,28.5022870376051,1.92252420875671,0.565517067265396,0.469341147939677,0.469341147939677,0.850303351233776,0.799774546546803,0.799774546546803,Rasmussen-Hirschman_filas_L_no_Ghosh,bajo_promedio,127,101,40,17,127,74
P007,Sandías y melones,False,True,apto,0.202812282461417,0.116649357327295,0.319461639788712,0.676582131141904,0.0039562290693819,24.2818621497754,1.27887415276141,0.278874152761408,0.17216682066156,0.0555174633342652,0.821375571778245,0.144793440636341,0.00645760756017998,0.00250137849079808,28.0639092628854,3.78204711311,0.625422119471943,0.00621422766323472,0.00621422766323472,0.867191605879706,0.679683603551312,0.679683603551312,Rasmussen-Hirschman_filas_L_no_Ghosh,bajo_promedio,121,86,60,20,121,132
P008,Ejotes y arvejas,False,True,apto,0.167274697297306,0.0818281348029417,0.249102832100248,0.747184615344884,0.0037125525548656,26.8163721553967,1.23046750913252,0.230467509132521,0.12997791132522,0.0481497765222781,0.864122688424759,0.116938073079875,0.00589940025000566,0.00218684769514006,28.499399117159,1.68302696176235,0.515833136179075,0.128355926339055,0.128355926339055,0.834367551274223,0.70712946349839,0.70712946349839,Rasmussen-Hirschman_filas_L_no_Ghosh,bajo_promedio,133,110,37,18,133,105
P009,Raíces y tubérculos,False,True,apto,0.301596958803797,0.107780446659485,0.409377405463282,0.585567410404564,0.0050551841321524,21.0148014530553,1.41625563642363,0.41625563642363,0.182767932779085,0.0749874861196007,0.80850882379117,0.222941413386606,0.00872324342972717,0.00366805929757477,24.8730876101376,3.85828615708231,0.930049240174829,0.200942195714372,0.200942195714372,0.960348598049682,0.728346669884161,0.728346669884161,Rasmussen-Hirschman_filas_L_no_Ghosh,bajo_promedio,83,76,66,24,83,95
P010,Caña de azúcar y otras plantas azucareras,False,True,apto,0.549755750672717,0.12487320683092,0.674628957503637,0.314929579393154,0.0104414631032073,3.88363918278732,1.68693936358317,0.686939363583173,0.193055768759693,0.0681825619287734,0.791234837613866,0.476305258220712,0.0157093936264067,0.00526793052319943,15.8151165539673,11.93147737118,1.69530860066639,1.44366300944718,1.44366300944718,1.14389649096326,1.27807240764427,1.27807240764427,Rasmussen-Hirschman_filas_L_no_Ghosh,clave,33,75,74,44,33,25
P011,Tabaco y otras plantas no perennes,False,True,apto,0.264454656565564,0.0905535021114621,0.355008158677026,0.640185912859007,0.0048059284639647,23.0910901062071,1.35096080783034,0.350960807830339,0.14040759194531,0.049854089833848,0.851763595569138,0.211577682710131,0.00782881248552277,0.00302288402155807,28.2017566241153,5.11066651790815,0.815511712634687,1.35373967134824,1.35373967134824,0.916072836325048,1.06478409057653,1.06478409057653,Rasmussen-Hirschman_filas_L_no_Ghosh,proveedor_estrategico,102,103,41,19,102,42
P012,"Bananos, plátanos y otros",False,True,apto,0.322183345512079,0.118800310367476,0.440983655879555,0.553219158279243,0.0057971858412004,12.4693918173614,1.43769407234383,0.43769407234383,0.202214463162424,0.0834141527949485,0.787681607461893,0.23446244918265,0.0101039293756675,0.00430674353446711,16.5607414654918,4.09134964813042,0.993532484143606,0.144221205414148,0.144221205414148,0.974885784240398,0.712334431479584,0.712334431479584,Rasmussen-Hirschman_filas_L_no_Ghosh,bajo_promedio,77,70,77,40,77,102
P013,Frutas tropicales y subtropicales,False,True,apto,0.142942545353347,0.0587643220055977,0.201706867358944,0.795940123351153,0.0023530092899014,41.1289398836916,1.19501587919587,0.195015879195874,0.0957417377057701,0.0369774157001724,0.899911227809127,0.103971104457974,0.00434703448509307,0.00199402519519167,43.4810136740547,2.35207379036309,0.440798893403372,0.416015772420084,0.416015772420084,0.810328160197758,0.773024123957388,0.773024123957388,Rasmussen-Hirschman_filas_L_no_Ghosh,bajo_promedio,137,120,25,11,137,80
P014,"Berries, otras frutas y semillas de frutas",False,True,apto,0.210947616724367,0.0911898482729312,0.302137464997298,0.694223179283195,0.0036393557195054,42.6503672192656,1.29096741193776,0.290967411937759,0.151811312219625,0.0606214639466936,0.842137539368138,0.147914360084943,0.00605114841222865,0.00241179269272325,44.6289861702445,1.97861895097894,0.650509446213681,0.429673656025054,0.429673656025054,0.875391922402497,0.777464705713831,0.777464705713831,Rasmussen-Hirschman_filas_L_no_Ghosh,bajo_promedio,118,97,47,9,118,79
P015,Palma africana,False,True,apto,0.294101203771294,0.105891233101788,0.399992436873082,0.595429671843777,0.0045778912831401,9.83685311926389,1.39211115210022,0.392111152100218,0.173887322799293,0.0679960896975048,0.817537070104276,0.222107398260499,0.00857560709642046,0.00399771581328036,14.1846213336816,4.3477682144177,0.90693421507588,1.88731892282683,1.88731892282683,0.943976467853487,1.22902659714674,1.22902659714674,Rasmussen-Hirschman_filas_L_no_Ghosh,proveedor_estrategico,87,84,61,52,87,28
P016,Café en grano,False,True,apto,0.619540657523538,0.0256977031091728,0.64523836063271,0.353740002778087,0.0010216365892018,9.3624478109816,2.08956023340053,1.08956023340053,0.0853621529349063,0.0596644498257336,0.909518994911223,0.555778992133136,0.00511885215385883,0.00409721556465703,31.0967669827668,21.7343191717852,1.91050771888594,1.36885344921459,1.36885344921459,1.41690962357188,1.18207210475477,1.18207210475477,Rasmussen-Hirschman_filas_L_no_Ghosh,clave,3,126,20,16,3,32
P017,Cardamomo,False,True,apto,0.517193305870077,0.0322794067933635,0.54947271266344,0.448540363340139,0.0019869239964206,17.7936907941185,1.81583195822136,0.815831958221357,0.0854625903369398,0.0531831835435763,0.908592695193989,0.46005233185385,0.00594471446906068,0.00395779047264008,36.7051084962551,18.9114177021366,1.59489420269949,0.950405269367442,0.950405269367442,1.2312972534925,0.979904481068212,0.979904481068212,Rasmussen-Hirschman_filas_L_no_Ghosh,impulsor_demanda,18,125,21,13,18,49
P018,Caucho natural,False,True,apto,0.568046482591695,0.0722185829674835,0.640265065559179,0.353496600277868,0.0062383341629519,5.3476068822384,1.9958577340132,0.995857734013201,0.174394380483955,0.102175797516472,0.811834466898216,0.458337866620348,0.0137711526177997,0.00753281845484784,11.1215625910017,5.7739557087633,1.75171262208278,1.1051962096213,1.1051962096213,1.35337090809845,1.06047021749734,1.06047021749734,Rasmussen-Hirschman_filas_L_no_Ghosh,clave,5,82,64,69,5,44
P019,Propagación de plantas,False,True,apto,0.475012784393223,0.183431901566086,0.658444685959309,0.317489794452028,0.0240655195886602,20.5332283093726,1.68731144417733,0.687311444177332,0.276475383646451,0.0930434820803643,0.692506298009733,0.375016503557705,0.0310183183437778,0.00695279875511764,26.3250590391578,5.7918307297852,1.46482007295587,0.623556100103716,0.623556100103716,1.14414879504436,0.834725422534064,0.834725422534064,Rasmussen-Hirschman_filas_L_no_Ghosh,impulsor_demanda,32,43,112,21,32,66
P020,"Otros frutos oleaginosos, otras plantas bebestibles y especias aromáticas",False,True,apto,0.247973699362691,0.117526946563747,0.365500645926438,0.624318855886604,0.0101804981869565,34.8776791206861,1.36629502237007,0.366295022370073,0.180161513288839,0.0626345667250921,0.805229491602754,0.18091063571615,0.014608995108395,0.00442849692143853,38.8075029681484,3.92982384746225,0.764688581709627,0.0451975595693095,0.0451975595693095,0.926470811843517,0.68922233736711,0.68922233736711,Rasmussen-Hirschman_filas_L_no_Ghosh,bajo_promedio,96,77,70,12,96,121
P021,Ganado bovino,False,True,apto,0.204466159095672,0.072537431515594,0.277003590611266,0.720001729407424,0.0029946799813082,19.7371074241943,1.29301124049095,0.293011240490947,0.125824000637748,0.053286569122154,0.869428304106763,0.149426574699339,0.00474769525547321,0.00175301527416501,22.8005081272785,3.06340070308424,0.630522259450585,1.89864865251964,1.89864865251964,0.876777821837054,1.26158207469123,1.26158207469123,Rasmussen-Hirschman_filas_L_no_Ghosh,proveedor_estrategico,116,111,35,28,116,26
P022,Ganado porcino y otro tipo de animales vivos n.c.p.,False,True,apto,0.58087250313729,0.0456604961930182,0.626532999330308,0.368873965257228,0.0045930354124612,15.3264928433761,1.8547982893645,0.854798289364496,0.286923538900289,0.241263042707271,0.705867065367304,0.336993100110076,0.00720939573238664,0.00261636031992544,25.1305493060821,9.80405646270597,1.79126484671465,2.46812021957045,2.46812021957045,1.25771992784736,1.2812015454141,1.2812015454141,Rasmussen-Hirschman_filas_L_no_Ghosh,clave,12,38,105,23,12,24
P023,Aves de corral,False,True,apto,0.617460467144694,0.0532986431859265,0.670759110330621,0.326595429689808,0.0026454599795695,4.14546505726342,1.97239514159786,0.97239514159786,0.300078998715232,0.246780355529306,0.694499592590091,0.367904162900283,0.00542140869466017,0.00277594871509067,14.5613797108191,10.4159146535557,1.90409293443674,2.43825063417924,2.43825063417924,1.33746116189642,1.36261020732478,1.36261020732478,Rasmussen-Hirschman_filas_L_no_Ghosh,clave,8,32,111,51,8,20
P024,Leche cruda,False,True,apto,0.593171424484363,0.170049010464766,0.763220434949129,0.232075328388904,0.0047042366619648,6.21427308365608,1.8487218165075,0.848721816507501,0.351676860744677,0.181627850279911,0.639527425333582,0.407452096944678,0.00879571392171359,0.00409147725974879,17.0452813743957,10.8310082907396,1.82919162985989,2.20981651102415,2.20981651102415,1.25359953316774,1.17514988546136,1.17514988546136,Rasmussen-Hirschman_filas_L_no_Ghosh,clave,14,26,121,39,14,34
P025,Huevos,False,True,apto,0.319859406683951,0.0364493421445417,0.356308748828493,0.64117740560098,0.0025138455705264,8.02699273605245,1.46938999863841,0.469389998638413,0.170660128732302,0.134210786587761,0.825366991278467,0.184189585677487,0.00397287998922104,0.00145903441869464,13.230854462377,5.20386172632459,0.986366040722274,0.10901987654674,0.10901987654674,0.996378470728661,0.709520287712032,0.709520287712032,Rasmussen-Hirschman_filas_L_no_Ghosh,bajo_promedio,69,87,58,56,69,104
P026,Otros productos de animales vivos,False,True,apto,0.350318611202863,0.0408170723245718,0.391135683527435,0.60549156262972,0.0033727538428438,19.2647359378314,1.59059510888455,0.590595108884549,0.115241788311207,0.0744247159866353,0.877023316340776,0.271531753711056,0.007734895348001,0.0043621415051572,23.4021537637778,4.13741782594634,1.08029457412494,0.0334675416296549,0.0334675416296549,1.07856642797857,0.691415299469275,0.691415299469275,Rasmussen-Hirschman_filas_L_no_Ghosh,impulsor_demanda,42,113,34,26,42,117
P027,Troncos de madera y leña,False,True,apto,0.121246952708754,0.048608841042238,0.169855793750992,0.824559169560504,0.0055850366885027,53.5521360406803,1.15903914695124,0.159039146951244,0.0740810511333983,0.0254722100911603,0.918172837470578,0.0936136679100743,0.00774611139601328,0.00216107470751058,56.115733742335,2.5635977016547,0.3738951370317,1.28150058275526,1.28150058275526,0.785932702566404,1.10789332141538,1.10789332141538,Rasmussen-Hirschman_filas_L_no_Ghosh,proveedor_estrategico,140,128,16,7,140,39
P028,Productos forestales no madereros,False,True,apto,0.240651663082722,0.0592951820252802,0.299946845108002,0.693996567729799,0.0060565871621973,41.1302106040178,1.32678000529741,0.32678000529741,0.108083565703988,0.0487883836787079,0.881934625163759,0.18793805743396,0.00998180913224184,0.00392522197004454,44.3971011916315,3.26689058761366,0.742109261594041,0.0161268563946571,0.0161268563946571,0.899676079118944,0.682504118012018,0.682504118012018,Rasmussen-Hirschman_filas_L_no_Ghosh,bajo_promedio,107,116,31,10,107,129
P029,"Peces vivos, frescos o refrigerados",False,True,apto,0.168358558157397,0.228187039363356,0.396545597520753,0.565695543356349,0.0377588591228963,23.0453629755207,1.23228338242652,0.232283382426516,0.265017052255985,0.0368300128926286,0.69560250187365,0.129906958517301,0.0393804458703587,0.00162158674746236,25.2936930923986,2.24833011687787,0.519175490735239,0.0954877320019688,0.0954877320019688,0.835598876557085,0.700452740216569,0.700452740216569,Rasmussen-Hirschman_filas_L_no_Ghosh,bajo_promedio,132,47,110,22,132,111
P030,Crustáceos sin congelar y otros productos de la pesca,False,True,apto,0.469794536849787,0.0900541536041915,0.559848690453979,0.433533000932037,0.0066183086139817,10.6053832641572,1.68388643177874,0.68388643177874,0.253666003432933,0.163611849828741,0.736653040250023,0.303120039317986,0.00968095631702328,0.00306264770304158,18.6821026995799,8.07671943542266,1.44872830869517,0.171084289441571,0.171084289441571,1.14182632883791,0.721599165635171,0.721599165635171,Rasmussen-Hirschman_filas_L_no_Ghosh,impulsor_demanda,36,48,98,32,36,98
P031,Petróleo crudo y gas natural,False,True,apto,0.251530834086778,0.154865403536965,0.406396237623742,0.584166239031867,0.0094375233443885,0.226356941229024,1.3489500808731,0.348950080873102,0.209564930972576,0.0546995274356109,0.777662335757162,0.193496096725295,0.0127727332702141,0.0033352099258256,1.6284556994998,1.40209875827078,0.775657891415061,0.849929410630962,0.849929410630962,0.914709382747332,0.902335910626416,0.902335910626416,Rasmussen-Hirschman_filas_L_no_Ghosh,bajo_promedio,103,65,81,143,103,57
P032,Minerales metálicos,False,True,apto,0.247397767219588,0.137870280669499,0.385268047889087,0.607281842898952,0.0074501092119579,0.646276435085976,1.35224526427173,0.352245264271733,0.19794302345683,0.0600727427873312,0.79121048867976,0.183928645780808,0.0108464878633833,0.00339637865142544,2.30635409762653,1.66007766254056,0.762912551691918,1.01552522100092e-20,1.01552522100092e-20,0.916943813224292,0.678089868348049,0.678089868348049,Rasmussen-Hirschman_filas_L_no_Ghosh,bajo_promedio,101,71,75,141,101,135
P033,Minerales no metálicos,False,True,apto,0.271720693051959,0.119605875969657,0.391326569021616,0.595390100901424,0.0132833300769571,13.355403922986,1.37169817180717,0.371698171807173,0.166285301032093,0.0466794250624354,0.816938457760345,0.221548356858921,0.0167762412075337,0.00349291113057657,15.7773724587844,2.42196853579844,0.837918343457681,1.99294149980143,1.99294149980143,0.930134632733985,1.25627514748444,1.25627514748444,Rasmussen-Hirschman_filas_L_no_Ghosh,proveedor_estrategico,94,89,62,45,94,27
P034,Carne y despojos comestibles de ganado bovino; cueros y pieles de bovino y de otros animales,False,True,apto,0.751294259832823,0.0162871329954537,0.767581392828277,0.229248471763849,0.0031701354078724,4.13764391605483,1.98166820672735,0.981668206727349,0.114292030429418,0.0980048974339638,0.877440642118512,0.648192170354663,0.00826732745204521,0.00509719204417281,19.7016380227351,15.5639941066803,2.31680272333181,0.927072756831461,0.927072756831461,1.34374913340926,0.947832333210747,0.947832333210747,Rasmussen-Hirschman_filas_L_no_Ghosh,impulsor_demanda,7,114,33,30,7,51
P035,Carne y despojos comestibles de ganado porcino,False,True,apto,0.751143437411625,0.00707989593121548,0.758223333342841,0.240283718626063,0.0014929480310954,5.39600393141878,2.35180574639109,1.35180574639109,0.210665136030606,0.20358524009939,0.781849410150103,0.54156569152404,0.00748545381927174,0.00599250578817634,23.235233404828,17.8392294734092,2.31633762488124,0.296828169755537,0.296828169755537,1.59473564895052,0.758656396612412,0.758656396612412,Rasmussen-Hirschman_filas_L_no_Ghosh,impulsor_demanda,2,64,78,27,2,86
P036,Carne y despojos comestibles de aves,False,True,apto,0.731959358806833,0.0327877574317016,0.764747116238535,0.232209557767583,0.0030433259938809,2.71844812886557,2.36674459892313,1.36674459892313,0.235452190912106,0.202664433480404,0.756344293131432,0.524134735363849,0.00820351595643592,0.00516018996255502,13.0699703071533,10.3515221782878,2.2571787467526,0.341663397080066,0.341663397080066,1.60486553349724,0.777518377513184,0.777518377513184,Rasmussen-Hirschman_filas_L_no_Ghosh,impulsor_demanda,1,54,90,58,1,78
P037,Carne y despojos de otros animales y conservas y preparados de carne,False,True,apto,0.528768644713954,0.132759780230474,0.661528424944427,0.331008199662538,0.007463375393031,3.08423222589426,1.95783119298782,0.957831192987824,0.251268348061906,0.118508567831432,0.736503962745114,0.405495763082576,0.0122276891929506,0.00476431379991957,11.8800455440057,8.79581331811143,1.63058963921587,0.12355925101002,0.12355925101002,1.32758549590082,0.727523678656868,0.727523678656868,Rasmussen-Hirschman_filas_L_no_Ghosh,impulsor_demanda,9,49,99,63,9,97
P038,"Pescado congelado, preparado o en conserva y sus productos",False,True,apto,0.145861460026689,0.561589702310698,0.707451162337387,0.281098073696557,0.0114507639660541,1.12891004339003,1.19385546206971,0.193855462069705,0.590872470540308,0.0292827682296098,0.395238125531056,0.114140051834499,0.0138894039286218,0.0024386399625677,2.7726021379354,1.64369209454537,0.449800092834706,0.0222694118886578,0.0222694118886578,0.809541293101446,0.683040595243491,0.683040595243491,Rasmussen-Hirschman_filas_L_no_Ghosh,bajo_promedio,138,2,145,137,138,128
P039,"Crustáceos, moluscos y demás invertebrados acuáticos congelados, preparados o en conserva y sus productos",False,True,apto,0.342047993621678,0.364377744534871,0.70642573815655,0.288884985350189,0.0046892764932575,1.15971587983478,1.48711653421006,0.487116534210063,0.464424635050348,0.100046890515477,0.526874259150836,0.237989273800647,0.00870110579878323,0.00401182930552573,4.0614211969732,2.90170531713842,1.05479006762173,0.453510754672127,0.453510754672127,1.00839865490071,0.800859000734289,0.800859000734289,Rasmussen-Hirschman_filas_L_no_Ghosh,impulsor_demanda,59,10,137,127,59,73
P040,"Vegetales preparados o en conserva, legumbres y papas",False,True,apto,0.507035347723059,0.234574952844729,0.741610300567787,0.247194883217109,0.0111948162151006,1.30282230221244,1.69386721127491,0.693867211274913,0.321183178238536,0.0866082253938074,0.664515614860944,0.417320731643835,0.0143012069004657,0.00310639068536509,18.5565102604912,17.2536879582788,1.56356961211399,0.0693111485218135,0.0693111485218135,1.14859419429248,0.694793508648852,0.694793508648852,Rasmussen-Hirschman_filas_L_no_Ghosh,impulsor_demanda,29,30,117,33,29,115
P041,Preparaciones y conservas de frutas y nueces,False,True,apto,0.347664692870906,0.156979670764744,0.50464436363565,0.490444274895933,0.0049113614684137,2.44658056023034,1.4844923460342,0.484492346034201,0.216566820194514,0.0595871494297699,0.775130997641315,0.284686722745382,0.0083021821641477,0.003390820695734,13.8256789467332,11.3790983865029,1.07211055682611,0.163847392268346,0.163847392268346,1.00661921948602,0.716406721811592,0.716406721811592,Rasmussen-Hirschman_filas_L_no_Ghosh,impulsor_demanda,61,61,84,53,61,101
P042,Jugos de frutas,False,True,apto,0.469071472766253,0.219723385951678,0.688794858717932,0.300472502101061,0.0107326391810052,1.68563736901292,1.65030506785183,0.650305067851829,0.299262534465624,0.0795391485139454,0.68509287198574,0.384620369884679,0.0156445935485983,0.00491195436759311,11.7547974979208,10.0691601289079,1.44649856074228,0.0462232428257655,0.0462232428257655,1.11905514619377,0.688934210459646,0.688934210459646,Rasmussen-Hirschman_filas_L_no_Ghosh,impulsor_demanda,40,33,115,65,40,122
P043,Aceites de origen vegetal,False,True,apto,0.543807513871657,0.114224597823929,0.658032111695586,0.338945540607118,0.0030223476972932,1.7745315110322,1.80693624625906,0.806936246259059,0.217706757665191,0.103482159841262,0.77406363892499,0.435118098317872,0.00822960340979868,0.00520725571250548,8.23933585194215,6.46480434090994,1.67696573295596,0.904598308416365,0.904598308416365,1.22526516133912,0.935159892500761,0.935159892500761,Rasmussen-Hirschman_filas_L_no_Ghosh,impulsor_demanda,19,60,86,92,19,54
P044,"Margarina, grasas y otros aceites de origen animal y vegetal",False,True,apto,0.550234692592803,0.142454389617178,0.692689082209981,0.302353110781873,0.0049578070081435,2.20499670319043,1.84887160698701,0.848871606987006,0.248417050306885,0.105962660689707,0.741317684641912,0.438964573860039,0.0102652650511802,0.00530745804303666,9.03432856415573,6.8293318609653,1.69678553720656,0.273987081161114,0.273987081161114,1.25370110457426,0.850993732079472,0.850993732079472,Rasmussen-Hirschman_filas_L_no_Ghosh,impulsor_demanda,13,50,97,84,13,63
P045,Leche líquida y crema procesada,False,True,apto,0.579492220602074,0.0756343738401286,0.655126594442202,0.337293302037916,0.0075801035198787,7.1529967515256,1.9821483701021,0.982148370102101,0.240441266063072,0.164806892222943,0.745882888175416,0.4085895861375,0.0136758457614766,0.00609574224159795,15.9126550744138,8.75965832288823,1.78700840219281,0.0732625245255377,0.0732625245255377,1.34407472732883,0.69619623985281,0.69619623985281,Rasmussen-Hirschman_filas_L_no_Ghosh,impulsor_demanda,6,52,95,42,6,114
P046,Otros productos lácteos n.c.p.,False,True,apto,0.548192018379417,0.0812478353815736,0.62943985376099,0.361618499878348,0.008941646360658,7.58654209650652,1.92770447250568,0.92770447250568,0.235968334642856,0.154720499261283,0.749285176986798,0.38766667710845,0.0147464883703133,0.00580484200965532,15.8242512634689,8.23770916696234,1.69048644318513,0.044625482646127,0.044625482646127,1.30715687197532,0.690775798316308,0.690775798316308,Rasmussen-Hirschman_filas_L_no_Ghosh,impulsor_demanda,10,53,94,43,10,119
P047,Harina de trigo,False,True,apto,0.190645128430861,0.557671656946243,0.748316785377104,0.246033061275861,0.0056501533470336,0.242523303762718,1.26569033682356,0.265690336823563,0.600595310263131,0.0429236533168879,0.390574037809175,0.144540976533314,0.00883065192767065,0.00318049858063704,1.91786631218397,1.67534300842125,0.587901673622321,0.773176596717727,0.773176596717727,0.858251793866088,0.859488501565495,0.859488501565495,Rasmussen-Hirschman_filas_L_no_Ghosh,bajo_promedio,125,1,146,142,125,61
P048,Arroz sin cáscara,False,True,apto,0.261993676123317,0.39882766068208,0.660821336805397,0.329753210671908,0.0094254525226924,0.567134224072353,1.37187532202482,0.371875322024819,0.459701127978928,0.0608734672968483,0.528117300212706,0.198364089540798,0.0121815718083524,0.00275611928566005,6.72092808878232,6.15379386470997,0.807922667309182,0.0172521438336499,0.0172521438336499,0.930254756501746,0.683057165877183,0.683057165877183,Rasmussen-Hirschman_filas_L_no_Ghosh,bajo_promedio,93,11,136,106,93,127
P049,"Otros productos de molinería, almidones y productos de almidón",False,True,apto,0.31265299890778,0.328222622155218,0.640875621062998,0.351673809098458,0.0074505698385415,2.38579981407583,1.44685048291357,0.446850482913574,0.396156635759678,0.0679340136044594,0.595529309133663,0.243855500035205,0.00831405510663813,0.00086348526809663,17.9916995500916,15.6058997360158,0.964143289859,0.181962268306666,0.181962268306666,0.981094653478176,0.7213440203618,0.7213440203618,Rasmussen-Hirschman_filas_L_no_Ghosh,bajo_promedio,75,19,128,36,75,100
P050,Pan y otros productos de panadería y repostería n.c.p.,False,True,apto,0.478742999882585,0.107251557414916,0.585994557297501,0.408463637206445,0.0055418054960508,7.07292847848803,1.67175547969703,0.671755479697028,0.286691953343371,0.179440395928455,0.702778427027698,0.294314789821253,0.0105296196288752,0.00498781413282444,10.7894412688627,3.71651279037467,1.47632312025227,0.0803117174349558,0.0803117174349558,1.13360045313789,0.703380501383709,0.703380501383709,Rasmussen-Hirschman_filas_L_no_Ghosh,impulsor_demanda,38,39,107,71,38,109
P051,"Tortillas de maíz, incluso tostadas, horneadas o fritas",False,True,apto,0.360770947647169,0.138359694343407,0.499130641990575,0.498006037231411,0.0028633207780132,27.0082447520188,1.46621387070247,0.466213870702468,0.194447417233578,0.0560877228901711,0.80554940205178,0.307543364820369,3.18071462249679e-06,-0.0028601400633907,59.3401409886163,32.3318962365975,1.1125269534123,0.0369917997495261,0.0369917997495261,0.99422477055472,0.690935866009633,0.690935866009633,Rasmussen-Hirschman_filas_L_no_Ghosh,bajo_promedio,71,73,69,5,71,118
P052,"Azúcar de caña sin refinar y refinada, melaza y los demás azúcares n.c.p.",False,True,apto,0.638130176101017,0.03252517095559,0.670655347056607,0.326081421457305,0.0032632314860857,0.502960979728539,2.02340021077659,1.02340021077659,0.156451982340809,0.123926811385219,0.830110824697337,0.504029403240032,0.0134371929618051,0.0101739614757194,9.51753772628378,9.01457674655524,1.9678331232825,2.04846342352055,2.04846342352055,1.37204718254091,1.2821357561353,1.2821357561353,Rasmussen-Hirschman_filas_L_no_Ghosh,clave,4,92,54,78,4,22
P053,Productos alimenticios n.c.p.,False,True,apto,0.360736788984706,0.264581311908066,0.625318100892772,0.363945999796424,0.0107358993107983,2.31764431332933,1.55783738529888,0.557837385298879,0.33171493897422,0.0671336270661542,0.653632307390784,0.28968630759436,0.0146527536349543,0.00391685432415602,7.88424635681542,5.56660204348609,1.11242161668014,0.458498355994341,0.458498355994341,1.05635374750499,0.793503833981711,0.793503833981711,Rasmussen-Hirschman_filas_L_no_Ghosh,impulsor_demanda,46,29,118,98,46,75
P054,Preparados para alimentación animal,False,True,apto,0.323086229804296,0.406547744872737,0.729633974677033,0.267908707677663,0.0024573176453017,1.41438377691586,1.49542281783249,0.495422817832493,0.477963562171576,0.0714158172988396,0.519158243041542,0.251249535363879,0.00287819478686013,0.000420877141558429,18.324596304713,16.9102125277971,0.996316752437533,5.77128439265749,5.77128439265749,1.0140310616687,2.80489787222452,2.80489787222452,Rasmussen-Hirschman_filas_L_no_Ghosh,clave,57,9,138,35,57,2
P055,"Aguardientes, licores, vinos, demás bebidas espirituosas y productos del tabaco",False,True,apto,0.580351928155076,0.0885733911216019,0.668925319276678,0.316013048385655,0.0150616323376646,0.808138085934758,1.81739059608039,0.817390596080394,0.179759728727779,0.0911863376061767,0.798953664528395,0.48294061614274,0.0212866067437673,0.00622497440610273,11.8623465354027,11.054208449468,1.7896595242718,0.199576467194348,0.199576467194348,1.23235415003314,0.727787074173926,0.727787074173926,Rasmussen-Hirschman_filas_L_no_Ghosh,impulsor_demanda,17,78,73,64,17,96
P056,Malta y cerveza de malta,False,True,apto,0.342481387246972,0.346950125637262,0.689431512884234,0.299010564284645,0.0115579228311175,0.235984731730337,1.47655713254374,0.476557132543737,0.427127080045034,0.0801769544077721,0.556833768785991,0.257823204501346,0.0160391511689279,0.00448122833781044,3.18223513633039,2.94625040460006,1.05612654466547,0.0124170725439924,0.0124170725439924,1.00123843161496,0.682443391447729,0.682443391447729,Rasmussen-Hirschman_filas_L_no_Ghosh,impulsor_demanda,65,14,133,136,65,130
P057,Bebidas no alcohólicas,False,True,apto,0.474069568910648,0.268432881874335,0.742502450784983,0.246521279787523,0.0109762694274919,0.508797496709328,1.74084031357767,0.74084031357767,0.365603279609091,0.0971703977347554,0.616853102710596,0.370331822923073,0.0175436176802671,0.00656734825277522,5.20011951650598,4.69132201979665,1.4619114334047,0.0647949194652544,0.0647949194652544,1.18044617904886,0.697800129531724,0.697800129531724,Rasmussen-Hirschman_filas_L_no_Ghosh,impulsor_demanda,22,23,124,119,22,112
P058,Aguas minerales y otras aguas embotelladas,False,True,apto,0.257153989661599,0.111909795593378,0.369063785254977,0.624454551213327,0.0064816635316944,1.14827652076882,1.35482650746658,0.35482650746658,0.165413057919392,0.0535032623260141,0.824419914090204,0.199965362876877,0.0101670279903626,0.0036853644586682,3.76639956123472,2.6181230404659,0.792998290305323,0.108275179614165,0.108275179614165,0.91869412808246,0.706015067875225,0.706015067875225,Rasmussen-Hirschman_filas_L_no_Ghosh,bajo_promedio,100,90,59,130,100,107
P059,"Hilados, tejidos, telas y otros productos textiles excepto prendas de vestir",False,True,apto,0.333346091755557,0.301305537013261,0.634651628768818,0.355884903684595,0.0094634675465834,7.73590266915266,1.47480031627593,0.47480031627593,0.38907168625471,0.0877661492414494,0.597307250032971,0.241422346348376,0.0136210637122874,0.00415759616570396,11.3858307827012,3.64992811354857,1.02795558875046,1.32237248837657,1.32237248837657,1.00004715230321,1.06299282775747,1.06299282775747,Rasmussen-Hirschman_filas_L_no_Ghosh,clave,66,20,127,67,66,43
P060,"Prendas de vestir, adobo y teñido de pieles",False,True,apto,0.405257497777211,0.237896706901379,0.64315420467859,0.345759558671227,0.011086236650181,6.45233075705727,1.57984188321217,0.579841883212165,0.332301320063391,0.0944046131620122,0.651522240306931,0.305762681635704,0.0161764396296274,0.00509020297944642,11.0434611965408,4.59113043948357,1.24971229609793,0.297869290139244,0.297869290139244,1.07127477459807,0.771259212645699,0.771259212645699,Rasmussen-Hirschman_filas_L_no_Ghosh,impulsor_demanda,43,28,119,70,43,81
P061,Cuero de piel curtida o adobada y cuero artificial o regenerado y artículos de cuero,False,True,apto,0.438839458494257,0.109781929746167,0.548621388240424,0.44417714825775,0.0072014635018241,8.34707265475005,1.75792050740315,0.757920507403146,0.174630676470155,0.0648487467239874,0.813475477537949,0.369298329280199,0.0118938459918662,0.00469238249004213,14.9883213739748,6.64124871922477,1.35327062497614,0.916345196273374,0.916345196273374,1.19202808543133,0.903257877769907,0.903257877769907,Rasmussen-Hirschman_filas_L_no_Ghosh,impulsor_demanda,21,81,63,48,21,56
P062,"Calzado y sus partes, de cualquier material y de cualquier uso",False,True,apto,0.412382574646171,0.203462512077019,0.61584508672319,0.374812582202352,0.0093423310744548,6.43214585484088,1.66458053552275,0.664580535522755,0.282252045137378,0.0787895330603589,0.703287721149379,0.328475138947027,0.0144602337132112,0.00511790263875642,11.7141309531197,5.2819850982788,1.27168424287898,0.112074539205137,0.112074539205137,1.12873519618735,0.703902556148468,0.703902556148468,Rasmussen-Hirschman_filas_L_no_Ghosh,impulsor_demanda,39,41,106,66,39,108
P063,"Madera aserrada y acepillada, productos de madera, corcho, paja y materiales trenzables",False,True,apto,0.51756628293188,0.140476681136286,0.658042964068166,0.333989939367573,0.0079670965642579,6.15381043900858,1.68424077564051,0.684240775640511,0.211201549490762,0.0707248683544756,0.775085657774497,0.441095718406924,0.013712792734717,0.00574569617045914,24.16918585783,18.0153754188214,1.59604437024199,1.79303197423874,1.79303197423874,1.14206660582049,1.15395014035311,1.15395014035311,Rasmussen-Hirschman_filas_L_no_Ghosh,clave,35,63,85,25,35,37
P064,Pasta de papel y papel,False,True,apto,0.320473677954148,0.43754820764954,0.758021885603688,0.232773524727954,0.0092045896683537,1.64442452445754,1.44394866818758,0.443948668187582,0.511018954989892,0.0734707473403524,0.475532164524862,0.242758639796908,0.0134488804852164,0.00424429081686275,4.70621206489883,3.06178754044129,0.988260298974659,0.896617520034401,0.896617520034401,0.979126962312658,0.947231573656009,0.947231573656009,Rasmussen-Hirschman_filas_L_no_Ghosh,bajo_promedio,76,6,141,123,76,52
P065,Envases de papel y cartón,False,True,apto,0.293020238589726,0.390431181641547,0.683451420231272,0.30857975988857,0.0079688198801545,2.20733990816871,1.4069160380649,0.4069160380649,0.457354815691754,0.0669236340502072,0.530925484601766,0.222345724713196,0.0117196997064493,0.00375087982629478,5.05555215905479,2.84821225088608,0.903600790064698,0.98956218420751,0.98956218420751,0.954015511028186,0.987910688741309,0.987910688741309,Rasmussen-Hirschman_filas_L_no_Ghosh,bajo_promedio,84,12,135,120,84,47
P066,Productos de la edición,False,True,apto,0.307377131894486,0.155438565915863,0.462815697810349,0.529916967105857,0.007267335083791,1.78554107379723,1.42805558890476,0.428055588904762,0.212789142627851,0.0573505767119886,0.776024423814684,0.246107456708826,0.0111864335573377,0.00391909847354668,4.93937439087585,3.15383331707862,0.947873841631011,0.379724198614436,0.379724198614436,0.968350026274125,0.783418233116667,0.783418233116667,Rasmussen-Hirschman_filas_L_no_Ghosh,bajo_promedio,79,62,82,121,79,77
P067,Productos de la impresión,False,True,apto,0.362055308313352,0.256611487951916,0.618666796265269,0.369779218271999,0.0115539854627304,4.80009848184049,1.50427403131689,0.504274031316894,0.340730636474793,0.0841191485228767,0.643131584976072,0.273352366704073,0.0161377785490907,0.00458379308636028,7.80966910099854,3.00957061915805,1.11648759899185,0.45821729650376,0.45821729650376,1.02003297985506,0.857053331375073,0.857053331375073,Rasmussen-Hirschman_filas_L_no_Ghosh,impulsor_demanda,55,27,120,99,55,62
P068,"Gasolinas, diésel oil y fuel oils",False,True,apto,0.137830101403491,0.0618745126630313,0.199704614066522,0.795615021602599,0.0046803643308764,0.302045032266546,1.18756649778355,0.187566497783554,0.0951265332168361,0.0332520205538048,0.898396189146996,0.102781167544397,0.00647727763607708,0.00179691330520068,1.10615188901434,0.804106856747795,0.425033400840521,0.0847752842835997,0.0847752842835997,0.805276810136603,0.706941863348322,0.706941863348322,Rasmussen-Hirschman_filas_L_no_Ghosh,bajo_promedio,139,121,27,145,139,106
P069,"Aceites, grasas lubricantes y otros aceites preparados",True,False,solo_completitud_algebraica,0,0,0,0,0,0,1,0,0,0,0,0,0,0,0,0,0,0,0,0.678089868348049,0.678089868348049,0.678089868348049,Rasmussen-Hirschman_filas_L_no_Ghosh,bajo_promedio,146,146,147,147,146,135
P070,"Gases de petróleo, otros productos de la refinación de petróleo n.c.p.",False,True,apto,0.229651096003442,0.18230212435818,0.411953220361622,0.577644040902256,0.010402738736121,0.207526596724773,1.3144518820103,0.314451882010302,0.225954720622704,0.0436525962645239,0.760672299568157,0.183028258665901,0.0133729798090809,0.00297024107295994,1.55786941490561,1.35034281818083,0.70818627677962,0.405283446968243,0.405283446968243,0.891316503622211,0.788494341321409,0.788494341321409,Rasmussen-Hirschman_filas_L_no_Ghosh,bajo_promedio,113,59,88,144,113,76
P071,"Abonos, fertilizantes y pesticidas",False,True,apto,0.282268761548135,0.306284551297614,0.588553312845749,0.404845222087782,0.0066014650664663,0.616269781831505,1.38699355470161,0.386993554701612,0.386943244322927,0.0806586930253133,0.603233723398106,0.198388501310324,0.0098230322789478,0.0032215672124815,2.66124336962757,2.04497358779607,0.87044593633889,4.31631157973796,4.31631157973796,0.940506276907209,1.99397581032245,1.99397581032245,Rasmussen-Hirschman_filas_L_no_Ghosh,proveedor_estrategico,89,21,126,139,89,7
P072,"Pinturas, barnices, tintas y productos relacionados",False,True,apto,0.265287899899213,0.373303038014968,0.638590937914181,0.350605692916167,0.0108033691696495,1.99542742802246,1.3851756919375,0.385175691937504,0.431197605612169,0.0578945675972011,0.554595328789181,0.203989635873014,0.0142070655986173,0.00340369642896777,4.24084937007553,2.24542194205308,0.818081225710731,0.570766498812948,0.570766498812948,0.93927360258482,0.862950091628144,0.862950091628144,Rasmussen-Hirschman_filas_L_no_Ghosh,bajo_promedio,90,13,134,124,90,60
P073,"Jabón, preparados de limpieza, perfumes y preparados de toilet",False,True,apto,0.213538098546564,0.365524461746933,0.579062560293497,0.411885219316109,0.0090522203903891,1.57811328571995,1.31595903047306,0.315959030473058,0.409306048108328,0.0437815863613947,0.579011305478464,0.167126086162355,0.0116826464131848,0.00263042602279568,3.49101654143685,1.9129032557169,0.658497841255783,0.31888132824662,0.31888132824662,0.892338485724902,0.770612433178201,0.770612433178201,Rasmussen-Hirschman_filas_L_no_Ghosh,bajo_promedio,112,16,131,133,112,82
P074,Otros productos químicos,False,True,apto,0.428582542235845,0.195207828256316,0.623790370492161,0.369645609549442,0.0065640199583933,1.74173560336095,1.72486015434598,0.724860154345983,0.276532995960313,0.0813251677039968,0.710973335158759,0.341327725609318,0.012493668880838,0.0059296489224447,5.73029754302564,3.98856193966468,1.32164087243981,0.795788522293353,0.795788522293353,1.16961019497926,0.91428800168683,0.91428800168683,Rasmussen-Hirschman_filas_L_no_Ghosh,impulsor_demanda,24,42,101,114,24,55
P075,Productos farmacéuticos,False,True,apto,0.295688116197133,0.355755080382756,0.651443196579888,0.33708630759353,0.0114704958265782,1.29803293498767,1.41687322732776,0.416873227327758,0.422470514646557,0.0667154342638014,0.562231104939178,0.225144797345648,0.0152983804142092,0.00382788458763103,3.82107809777085,2.52304516278318,0.911827854261531,0.0587586087531987,0.0587586087531987,0.960767380184555,0.693901176550296,0.693901176550296,Rasmussen-Hirschman_filas_L_no_Ghosh,bajo_promedio,82,15,132,129,82,116
P076,Productos de caucho y plástico,False,True,apto,0.218895190782505,0.475894306254077,0.694789497036581,0.297666052664328,0.0075444502990864,2.34531811487096,1.30068001911502,0.300680019115025,0.522764396413983,0.0468700901599057,0.466947704520109,0.169281651855781,0.010287899065868,0.00274344876678158,4.16314588197852,1.81782776710757,0.675017767661354,3.10389400155734,3.10389400155734,0.881977942924645,1.66756402244784,1.66756402244784,Rasmussen-Hirschman_filas_L_no_Ghosh,proveedor_estrategico,114,4,143,126,114,12
P077,Vidrio y productos de vidrio,False,True,apto,0.361900288985052,0.288806080944953,0.650706369930005,0.339603752252841,0.0096898778171517,0.85317984523818,1.50431204851078,0.504312048510782,0.370631961913188,0.081825880968235,0.614054998704341,0.2744512464515,0.0153130393824398,0.00562316156528807,4.03659827659353,3.18341843135535,1.11600955833432,0.48359661949919,0.48359661949919,1.02005875892906,0.80822291278954,0.80822291278954,Rasmussen-Hirschman_filas_L_no_Ghosh,impulsor_demanda,54,22,125,128,54,72
P078,Productos de cerámica y arcilla,False,True,apto,0.408728163103416,0.136782134550058,0.545510297653474,0.445345628408866,0.0091440739376576,13.6215428714624,1.55421670142235,0.554216701422346,0.206887678879189,0.0701055443291313,0.778188947192621,0.332843318783755,0.0149233739281626,0.00577929999050504,19.8219777645451,6.20043489308273,1.26041495590704,0.49725264701193,0.49725264701193,1.05389859845182,0.815327281187848,0.815327281187848,Rasmussen-Hirschman_filas_L_no_Ghosh,impulsor_demanda,47,66,80,29,47,70
P079,"Cemento, cal y yeso",False,True,apto,0.394377688531807,0.095764382889477,0.490142071421284,0.499139610874212,0.0107183177045012,0.59495603791029,1.553470572181,0.553470572181001,0.177155436622123,0.0813910537326461,0.806356950775355,0.307217339901143,0.0164876126024753,0.0057692948979741,3.6898769303081,3.09492089239781,1.21616169810096,2.44104323480591,2.44104323480591,1.05339265577278,1.44381062433618,1.44381062433618,Rasmussen-Hirschman_filas_L_no_Ghosh,clave,48,79,68,131,48,18
P080,"Artículos de hormigón, cemento y yeso",False,True,apto,0.613613476273526,0.0661392271911231,0.679752703464649,0.299627395758881,0.0206199007764679,3.18983242318755,1.89875287602272,0.898752876022716,0.169746421532607,0.103607194341484,0.800126521728517,0.500499125969636,0.0301270567388387,0.00950715596237076,7.9268141815688,4.73698175838125,1.89222978120442,0.756413364806062,0.756413364806062,1.28752508772772,0.892908571864052,0.892908571864052,Rasmussen-Hirschman_filas_L_no_Ghosh,impulsor_demanda,11,88,72,97,11,59
P081,Piedras talladas para construcción y otros productos minerales no metálicos n.c.p.,False,True,apto,0.478350852917076,0.195456565315112,0.673807418232187,0.314154533940122,0.0120380478276889,3.99976247796047,1.68375127508284,0.683751275082843,0.289869498529439,0.0944129332143272,0.691509800554195,0.377355266614073,0.0186207009163026,0.0065826530886137,6.97587162694833,2.97610914898787,1.47511383754346,0.311875149894914,0.311875149894914,1.14173468045178,0.764268351949898,0.764268351949898,Rasmussen-Hirschman_filas_L_no_Ghosh,impulsor_demanda,37,35,113,104,37,84
P082,"Métales básicos de hierro y acero, productos primarios de metales preciosos y otros metales no ferrosos",False,True,apto,0.295980172703872,0.427777727717766,0.723757900421638,0.267835246603186,0.0084068529751726,0.616429116913268,1.39223775059157,0.392237750591574,0.482833893666875,0.0550561659491093,0.504818346773314,0.236983100170128,0.0123477595597783,0.00394090658460572,3.50605620955025,2.88962709263698,0.912728483144722,1.90353253596129,1.90353253596129,0.944062313007824,1.21515594978144,1.21515594978144,Rasmussen-Hirschman_filas_L_no_Ghosh,proveedor_estrategico,86,8,139,132,86,30
P083,Productos metálicos estructurales y sus partes de hierro o de acero,False,True,apto,0.178754279294605,0.514618285034395,0.693372564329,0.29658749803012,0.0100399376408777,6.04737869178484,1.24547985536002,0.245479855360025,0.555630658677894,0.0410123736434989,0.432083840554503,0.135496342524383,0.0122855007675834,0.00224556312670569,7.50482569264719,1.45744700086234,0.551233282640958,0.511311065643677,0.511311065643677,0.844547271151226,0.831739904986141,0.831739904986141,Rasmussen-Hirschman_filas_L_no_Ghosh,bajo_promedio,130,3,144,101,130,67
P084,Otros productos elaborados de metal,False,True,apto,0.193739883542273,0.469994657851001,0.663734541393274,0.324731486747731,0.0115339718589926,5.27218613390908,1.26174861054578,0.26174861054578,0.502060768952761,0.0320661111017601,0.484157655768322,0.159426169020591,0.0137815752788999,0.00224760341990732,7.11987284790312,1.84768671399404,0.597445120782107,1.75073582109749,1.75073582109749,0.855578949213322,1.15794806716186,1.15794806716186,Rasmussen-Hirschman_filas_L_no_Ghosh,proveedor_estrategico,126,7,140,103,126,36
P085,"Maquinaria para usos generales y especiales, sus partes y piezas, excepto electrodomésticos",False,True,apto,0.233795162797991,0.347633792190764,0.581428954988755,0.410473340375186,0.008097704636057,2.83359590025959,1.31788842907352,0.317888429073518,0.406278036414286,0.0586442442235225,0.582758540515199,0.172285200140013,0.0109634230704985,0.00286571843444154,4.89719440823989,2.06359850798031,0.720965537514843,0.292139650319201,0.292139650319201,0.893646791367879,0.769881256944309,0.769881256944309,Rasmussen-Hirschman_filas_L_no_Ghosh,bajo_promedio,110,17,129,122,110,83
P086,Electrodomésticos y sus partes,True,False,solo_completitud_algebraica,0,0,0,0,0,0,1,0,0,0,0,0,0,0,0,0,0,3.45065950777148e-11,3.45065950777148e-11,0.678089868348049,0.678089868359197,0.678089868359197,Rasmussen-Hirschman_filas_L_no_Ghosh,bajo_promedio,146,146,147,147,146,133
P087,"Maquinaria de oficina, contabilidad e informática, sus partes y piezas",True,False,solo_completitud_algebraica,0,0,0,0,0,0,1,0,0,0,0,0,0,0,0,0,0,2.86360776357593e-11,2.86360776357593e-11,0.678089868348049,0.678089868355328,0.678089868355328,Rasmussen-Hirschman_filas_L_no_Ghosh,bajo_promedio,146,146,147,147,146,134
P088,"Maquinaria y aparatos eléctricos, sus partes y piezas",False,True,apto,0.335855293821869,0.428786278059198,0.764641571881068,0.222115640330669,0.0132427877882615,1.52445235132381,1.47144884394016,0.471448843940159,0.514121591245781,0.0853353131865829,0.468343493849134,0.246227853518465,0.017534914905054,0.00429212711679252,4.19576814651032,2.6713157951865,1.03569333744817,0.0376237159773761,0.0376237159773761,0.997774552868271,0.689942267679937,0.689942267679937,Rasmussen-Hirschman_filas_L_no_Ghosh,bajo_promedio,68,5,142,125,68,120
P089,"Equipo y aparatos de radio, televisión y comunicaciones",True,False,solo_completitud_algebraica,0,0,0,0,0,0,1,0,0,0,0,0,0,0,0,0,0,0,0,0.678089868348049,0.678089868348049,0.678089868348049,Rasmussen-Hirschman_filas_L_no_Ghosh,bajo_promedio,146,146,147,147,146,135
P090,"Aparatos médicos, instrumentos ópticos y de precisión, relojes",False,True,apto,0.356846479259375,0.190006820150549,0.546853299409924,0.439491499289221,0.013655201300854,4.25407095713802,1.49811157172438,0.498111571724381,0.2846136784006,0.094606858250051,0.697081768463751,0.25759026917453,0.0183045531356306,0.0046493518347766,8.15563438797538,3.90156343083736,1.1004248789861,0.017667282984848,0.017667282984848,1.01585427844127,0.682383095609027,0.682383095609027,Rasmussen-Hirschman_filas_L_no_Ghosh,impulsor_demanda,56,40,109,94,56,131
P091,Equipo de transporte,False,True,apto,0.342675083875266,0.253599164223934,0.5962742480992,0.39350210209199,0.0102236498088078,2.71867945846009,1.46917745092275,0.469177450922752,0.358787197542126,0.105188033318192,0.626724467524099,0.233222365432109,0.0144883349337432,0.00426468512493539,5.24212033518386,2.52344087672377,1.05672385639793,0.071410403291563,0.071410403291563,0.996234344276131,0.702855769270461,0.702855769270461,Rasmussen-Hirschman_filas_L_no_Ghosh,bajo_promedio,70,24,123,118,70,110
P092,Muebles,False,True,apto,0.481006836332918,0.133499004445137,0.614505840778055,0.377976072345144,0.0075180868767975,5.56500134549478,1.76913013864914,0.769130138649142,0.234738590570259,0.101239586125122,0.751280473986635,0.373304401641491,0.0139809354430773,0.00646284856627978,15.0474059643139,9.48240461881913,1.48330422304211,0.0397947033834917,0.0397947033834917,1.19962922280716,0.687594718836001,0.687594718836001,Rasmussen-Hirschman_filas_L_no_Ghosh,impulsor_demanda,20,55,93,47,20,123
P093,Otros artículos n.c.p.,False,True,apto,0.306725220991636,0.189184899757853,0.495910120749489,0.493974703214052,0.0101151760364565,6.03049398853705,1.42374012489872,0.423740124898717,0.27620394326841,0.0870190435105573,0.709916085844519,0.215941382630467,0.0138799708870462,0.00376479485058974,8.65929496831554,2.6288009797785,0.945863512209049,0.542048663620074,0.542048663620074,0.965423753854406,0.836484055332224,0.836484055332224,Rasmussen-Hirschman_filas_L_no_Ghosh,bajo_promedio,80,44,103,88,80,65
P094,Residuos y desechos,False,True,apto,0.168115579656982,0.0969736669665097,0.265089246623492,0.721994934561395,0.0129158188151108,11.8922432500854,1.22270517360745,0.222705173607455,0.124118504610373,0.027144837643863,0.860796186195698,0.138801251634303,0.0150853091938003,0.00216949037868954,13.6514090119231,1.75916576183769,0.518426206091965,0.765606494770446,0.765606494770446,0.829103990199957,0.987407376655437,0.987407376655437,Rasmussen-Hirschman_filas_L_no_Ghosh,bajo_promedio,134,112,38,54,134,48
P095,"Generación y distribución de energía eléctrica, gas, vapor y aire acondicionado",False,True,apto,0.215262929684875,0.20277906586287,0.418041995547745,0.574750973636993,0.0072070308152597,0.706947792313958,1.30001521875469,0.300015218754687,0.233056989957118,0.0302779240942479,0.757137871107354,0.182386897470361,0.00980513893542353,0.00259810812016383,2.57202960329774,1.86508181098378,0.663816787096545,6.24418580844293,6.24418580844293,0.881527148535826,2.76035830937892,2.76035830937892,Rasmussen-Hirschman_filas_L_no_Ghosh,proveedor_estrategico,115,57,89,140,115,3
P096,Agua natural y distribución de agua natural,False,True,apto,0.315115002622998,0.077013567412734,0.392128570035732,0.596023960587216,0.0118474693770488,10.2996464741072,1.43552165116684,0.435521651166841,0.138827207423798,0.061813640011064,0.84531195246635,0.249287991879134,0.0158608401097868,0.00401337073273804,12.6351601992538,2.33551372514654,0.971735490701236,1.53693320657695,1.53693320657695,0.973412687450497,1.17058541650628,1.17058541650628,Rasmussen-Hirschman_filas_L_no_Ghosh,proveedor_estrategico,78,105,44,60,78,35
P097,"Evacuación de aguas residuales, recogida, tratamiento y eliminación de desechos",False,True,apto,0.187311639972223,0.142413787950032,0.329725427922254,0.653328888608981,0.0169456834687635,15.8631141360219,1.25099861673268,0.250998616732678,0.172728779162319,0.030314991212288,0.807852621998815,0.154523733389834,0.0194185988388367,0.00247291537007318,17.8148339644506,1.95171982842872,0.577622032805038,0.195927477201438,0.195927477201438,0.848289487323853,0.735988205968987,0.735988205968987,Rasmussen-Hirschman_filas_L_no_Ghosh,bajo_promedio,128,85,67,37,128,92
P098,Edificaciones residenciales,False,True,apto,0.400479623287245,0.0955712604975883,0.496050883784833,0.493994845136885,0.0099542710782799,12.3578348064211,1.60270999891624,0.602709998916237,0.193670601029483,0.0980993405318952,0.790004201795111,0.296009356658226,0.0163251971753701,0.00637092609709018,16.0388449707853,3.68101016436428,1.23497853168377,0,0,1.08678141216521,0.678089868348049,0.678089868348049,Rasmussen-Hirschman_filas_L_no_Ghosh,impulsor_demanda,41,74,76,41,41,135
P099,Edificaciones no residenciales,False,True,apto,0.463673794337101,0.158477763510871,0.622151557847972,0.365902718657011,0.0119457234950159,5.96260096414246,1.71147851592574,0.711478515925742,0.269743330730325,0.111265567219453,0.710586968519237,0.344684249862226,0.0196697007503736,0.0077239772553577,10.1194802756561,4.15687931151368,1.42985347671474,0,0,1.1605362415446,0.678089868348049,0.678089868348049,Rasmussen-Hirschman_filas_L_no_Ghosh,impulsor_demanda,26,46,102,74,26,135
P100,Obras de ingeniería civil,False,True,apto,0.458207749274955,0.102955944753425,0.56116369402838,0.425713539087025,0.0131227668845919,3.30390084421728,1.69435813854528,0.694358138545282,0.206723337240854,0.103767392487429,0.772221535740408,0.346507996653383,0.0210551270186584,0.00793236013406648,6.84320004293812,3.53929919872084,1.41299756716919,0,0,1.14892708710062,0.678089868348049,0.678089868348049,Rasmussen-Hirschman_filas_L_no_Ghosh,impulsor_demanda,28,67,87,105,28,135
P101,Servicios generales y especializados de construcción,False,True,apto,0.460524104216948,0.133818947481877,0.594343051698825,0.391350723152832,0.0143062251483409,5.42539014023789,1.68873814775874,0.688738147758742,0.234380465994083,0.100561518512206,0.743965448504426,0.352614725351594,0.0216540855006128,0.00734786035227192,9.43825545154537,4.01286531130748,1.42014062379124,4.30193599407022,4.30193599407022,1.14511622828805,2.09422809271904,2.09422809271904,Rasmussen-Hirschman_filas_L_no_Ghosh,clave,31,56,96,80,31,6
P102,Servicios de comercio,False,True,apto,0.245947639324085,0.034746150655199,0.280693789979284,0.711982920994992,0.0073232890257202,11.1583090261382,1.34485937290511,0.344859372905107,0.0720640395044682,0.0373178888492691,0.917315740528035,0.205332819533043,0.010620219967441,0.00329693094172078,13.1389314243582,1.98062239821995,0.75844072162865,18.1008080353973,18.1008080353973,0.911935515119864,6.26869069696694,6.26869069696694,Rasmussen-Hirschman_filas_L_no_Ghosh,proveedor_estrategico,105,131,17,57,105,1
P103,Mantenimiento y reparación de vehículos automotores y motocicletas,False,True,apto,0.194964377744066,0.115739281494924,0.31070365923899,0.67699013475921,0.0123062060017968,11.1922800365478,1.27440289033316,0.274402890333159,0.151888835527997,0.0361495540330729,0.833193714444127,0.156203579684917,0.0149174500278413,0.00261124402604451,12.852913529815,1.66063349326724,0.601221153227836,1.68892878576061,1.68892878576061,0.864159688128385,1.28180574423171,1.28180574423171,Rasmussen-Hirschman_filas_L_no_Ghosh,proveedor_estrategico,122,96,53,59,122,23
P104,Servicio de transporte de pasajeros por vía terrestre,False,True,apto,0.233328980979191,0.253803806972403,0.487132787951594,0.491599793322667,0.0212674187257366,8.9130572543014,1.31701041823992,0.31701041823992,0.287103064603446,0.0332992576310426,0.68874843819312,0.197148644870453,0.024148497203405,0.00288107847766838,11.2832502216556,2.37019296735419,0.719527949920864,0.184349623660069,0.184349623660069,0.893051421117316,0.730553670384319,0.730553670384319,Rasmussen-Hirschman_filas_L_no_Ghosh,bajo_promedio,111,36,114,68,111,94
P105,Servicio de transporte de carga por vía terrestre,False,True,apto,0.272266153449722,0.262860182291471,0.535126335741193,0.437479504686894,0.0273941595719109,7.96489120652811,1.37323148102142,0.373231481021417,0.303462895508602,0.0406027132171312,0.665626043195643,0.228146538508749,0.0309110612957095,0.00351690172379857,10.7000802634631,2.73518905693494,0.839600406269246,4.73807941322829,4.73807941322829,0.931174354177209,2.23105606666983,2.23105606666983,Rasmussen-Hirschman_filas_L_no_Ghosh,proveedor_estrategico,92,31,116,72,92,5
P106,Otros tipos de transporte,False,True,apto,0.302282850247615,0.171947278280163,0.474230128527779,0.510173010575265,0.0155968608969539,3.86748471099575,1.44705954100446,0.447059541004458,0.228451869543884,0.0565045912637204,0.751625345813591,0.241452335238326,0.0199227846424556,0.00432592374550169,6.30924258042253,2.44175786942678,0.932164357047014,0.149032423056664,0.149032423056664,0.981236413651501,0.721417517599415,0.721417517599415,Rasmussen-Hirschman_filas_L_no_Ghosh,bajo_promedio,74,58,91,111,74,99
P107,Servicios de almacenamiento y depósito,False,True,apto,0.359486118670736,0.0124083105013694,0.371894429172105,0.619323053731067,0.0087825170968256,5.39114290905418,1.48789596584946,0.487895965849459,0.0576369814392104,0.045228670937841,0.929248084832118,0.309925031101051,0.0131149337285273,0.00433241663170166,8.43860704408903,3.04746413503485,1.1085648636816,0.180720581911754,0.180720581911754,1.00892717959845,0.734001029481158,0.734001029481158,Rasmussen-Hirschman_filas_L_no_Ghosh,impulsor_demanda,58,135,12,89,58,93
P108,Otros servicios de apoyo al transporte,False,True,apto,0.405944252432724,0.0714300816518142,0.477374334084538,0.513819450858173,0.0088062150572862,4.75678589726029,1.57966390920111,0.579663909201115,0.139374082078503,0.0679440004266884,0.845916961900725,0.332097511042552,0.0147089560207111,0.00590274096342494,8.33734545843915,3.58055956117886,1.25183007489809,1.56407924143522,1.56407924143522,1.07115409222435,1.21931369162415,1.21931369162415,Rasmussen-Hirschman_filas_L_no_Ghosh,clave,44,104,43,91,44,29
P109,Servicios postales y de mensajería,False,True,apto,0.373559003396752,0.136224938934665,0.509783942331417,0.473745050910502,0.0164710067580788,5.8205089594015,1.5221151882681,0.522115188268096,0.197829108911942,0.0616041699772766,0.779900116074174,0.306155065163672,0.0222707750138051,0.00579976825572632,9.48348950398438,3.66298054458288,1.1519621041525,0.341779317592096,0.341779317592096,1.03213088762328,0.810661367934221,0.810661367934221,Rasmussen-Hirschman_filas_L_no_Ghosh,impulsor_demanda,52,72,79,79,52,71
P110,Servicio de alojamiento,False,True,apto,0.362799310292928,0.090442010235825,0.453241320528753,0.535142633872141,0.0116160455991024,9.07624503887695,1.51213124449256,0.512131244492563,0.154929122443262,0.0644871122074374,0.828730424837768,0.293587790965627,0.0163404527188464,0.00472440711974399,12.2094863175414,3.13324127866441,1.11878191415517,0.817586562644544,0.817586562644544,1.02536087650293,0.947071703746861,0.947071703746861,Rasmussen-Hirschman_filas_L_no_Ghosh,impulsor_demanda,53,94,55,62,53,53
P111,Servicio de suministro de comidas y bebidas,False,True,apto,0.498183178734036,0.104436080048687,0.602619258782723,0.384979870865422,0.0124008703518483,10.8787350636765,1.82783041002092,0.82783041002092,0.206685253401016,0.102249173352329,0.775665148475364,0.390685277609942,0.0176495981235786,0.0052487277717303,18.3418995390711,7.46316447539465,1.53627174719256,1.33744337956064,1.33744337956064,1.23943328209365,1.0844421371296,1.0844421371296,Rasmussen-Hirschman_filas_L_no_Ghosh,clave,15,68,83,34,15,41
P112,"Servicios de información, telecomunicaciones y radiodifusión",False,True,apto,0.23852125972072,0.121438951522165,0.359960211242885,0.631885798378523,0.0081539903785897,1.09765779252813,1.32417120044039,0.324171200440392,0.152671022915693,0.0312320713935286,0.836391654703318,0.204505856324795,0.0109373223809331,0.00278333200234342,2.68578492513724,1.58812713260911,0.735539632921544,2.34897506590443,2.34897506590443,0.897907074976903,1.59890559390801,1.59890559390801,Rasmussen-Hirschman_filas_L_no_Ghosh,proveedor_estrategico,109,95,51,138,109,13
P113,Servicios de banco central,False,True,apto,0.546312963956879,0.0678597740845406,0.61417273804142,0.3675448672147,0.0182823947438777,1.21403206106289,1.82722001427535,0.827220014275349,0.138226272008153,0.070366497923612,0.836442697480403,0.468897830265703,0.0253310305113478,0.00704863576747007,5.44799305485779,4.2339609937949,1.68469191148673,0,0,1.23901937892289,0.678089868348049,0.678089868348049,Rasmussen-Hirschman_filas_L_no_Ghosh,impulsor_demanda,16,106,50,115,16,135
P114,Otros servicios financieros y servicios de banca de inversión,False,True,apto,0.522297886454871,0.111836042213053,0.634133928667924,0.355676701104932,0.0101893702271415,1.17506063314764,1.72564405512379,0.725644055123789,0.17473975432265,0.0629037121095964,0.809024545580401,0.453347844475469,0.0162357000968291,0.0060463298696876,6.44324956138462,5.26818892823698,1.61063544662028,0.908498201174461,0.908498201174461,1.17014175015448,0.973761767256966,0.973761767256966,Rasmussen-Hirschman_filas_L_no_Ghosh,impulsor_demanda,23,80,65,109,23,50
P115,Servicios de Intermediación Financiera Medidos Indirectamente (SIFMI),False,True,apto,0.305697155036581,0.0247487204633999,0.33044587549998,0.663458508044457,0.0060956164555605,2.2099927709932,1.42203882274183,0.42203882274183,0.0613305284402154,0.0365818079768155,0.929076804755124,0.265618296710667,0.00959266680457501,0.00349705034901451,5.29432713080685,3.08433435981365,0.942693215120706,2.89792053108016,2.89792053108016,0.964270118098822,1.68539031655709,1.68539031655709,Rasmussen-Hirschman_filas_L_no_Ghosh,proveedor_estrategico,81,133,13,116,81,11
P116,"Servicios de seguro, reaseguro y fondos de pensiones",False,True,apto,0.449932961071521,0.217709427380501,0.667642388452022,0.320657807641397,0.0116998039065798,0.600863476094101,1.69232895842324,0.692328958423241,0.27149051660802,0.0537810892275191,0.711055330210661,0.390397522569264,0.0174541531812238,0.00575434927464395,3.38152467887025,2.78066120277615,1.3874801995149,1.31313475017427,1.31313475017427,1.14755112061881,1.15303434142223,1.15303434142223,Rasmussen-Hirschman_filas_L_no_Ghosh,clave,30,45,100,135,30,38
P117,Servicios auxiliares de la intermediación financiera,False,True,apto,0.393022847788144,0.0278072640738131,0.420830111861957,0.571885805769185,0.0072840823688554,2.48373060794908,1.57091077604947,0.570910776049471,0.0729556073499754,0.0451483432761623,0.91486003940538,0.342974233636195,0.0121843532444816,0.00490027087562619,5.25475972818385,2.77102912023477,1.21198370967164,2.34682811372444,2.34682811372444,1.06521868131792,1.45823196574623,1.45823196574623,Rasmussen-Hirschman_filas_L_no_Ghosh,clave,45,130,18,117,45,17
P118,Servicios de alquiler de vivienda,False,True,apto,0.0527763361710473,0.000985396935796427,0.0537617331068437,0.945059765591395,0.0011785013017608,0,1.08741642826434,0.087416428264339,0.0121380814565413,0.0111526845207449,0.985627054226479,0.0405672886350843,0.00223486431693769,0.00105636301517689,0.466945049277893,0.466945049277893,0.162748959902562,0,0,0.737366062681271,0.678089868348049,0.678089868348049,Rasmussen-Hirschman_filas_L_no_Ghosh,bajo_promedio,145,145,2,146,145,135
P119,"Otros servicios inmobiliarios, excepto alquiler de vivienda",False,True,apto,0.269087775703784,0.0129583435201063,0.28204611922389,0.710612568956429,0.0073413118196785,3.86792071906789,1.38783843759411,0.387838437594114,0.0511416039910297,0.0381832604709234,0.937791446309213,0.227178877352784,0.0110669496996353,0.00372563787995677,6.12037125278781,2.25245053371993,0.829799087916028,4.26144083912321,4.26144083912321,0.941079183436555,2.35911743198054,2.35911743198054,Rasmussen-Hirschman_filas_L_no_Ghosh,proveedor_estrategico,88,136,11,112,88,4
P120,"Servicios jurídicos, de contabilidad, auditoría, teneduría de libros y consultoría fiscal",False,True,apto,0.173321669277396,0.0211946703821915,0.194516339659587,0.800601103158157,0.0048825571822536,7.29871069804769,1.23755628738919,0.237556287389187,0.043789897715542,0.0225952273333505,0.949335474400063,0.148734371241906,0.00687462788433717,0.00199207070208357,8.83273943497731,1.53402873692962,0.534480478372931,2.31018107567194,2.31018107567194,0.839174379989034,1.54206071044762,1.54206071044762,Rasmussen-Hirschman_filas_L_no_Ghosh,proveedor_estrategico,131,141,6,86,131,15
P121,Servicios de tecnología de la información,False,True,apto,0.296077629944546,0.098314508439456,0.394392138384002,0.594647555941781,0.0109603056742146,4.77004357625054,1.40364098698688,0.40364098698688,0.136385428391648,0.0380709199521922,0.849133368971836,0.254485813030055,0.0144812026364705,0.00352089696225591,7.40008705849184,2.63004348224129,0.913029016787362,0.86677958526663,0.86677958526663,0.951794732073859,1.01533769881854,1.01533769881854,Rasmussen-Hirschman_filas_L_no_Ghosh,proveedor_estrategico,85,108,42,102,85,46
P122,"Servicios de arquitectura e ingeniería, ensayos y análisis técnicos",False,True,apto,0.326806481771454,0.0492883568053873,0.376094838576841,0.613647273275115,0.0102578881480403,2.98420230598204,1.45356007203976,0.453560072039761,0.0862589164234942,0.0369705596181069,0.899402705391765,0.28575543211665,0.0143383781846858,0.00408049003664547,5.75606173255683,2.77185942657479,1.00778907473494,1.45974507600807,1.45974507600807,0.985644357885422,1.17868282535615,1.17868282535615,Rasmussen-Hirschman_filas_L_no_Ghosh,proveedor_estrategico,73,123,26,113,73,33
P123,"Otros servicios profesionales, científicos y técnicos",False,True,apto,0.262490205661992,0.0320923533658167,0.294582559027809,0.698140466633378,0.0072769743388093,5.75614608854731,1.36167799609588,0.361677996095885,0.0613060097645435,0.0292136563987269,0.928407476358328,0.23026700972495,0.0102865138770552,0.00300953953824591,8.12306716144975,2.36692107290244,0.809453839645934,3.56869467812659,3.56869467812659,0.923340053105093,1.93929711550732,1.93929711550732,Rasmussen-Hirschman_filas_L_no_Ghosh,proveedor_estrategico,98,134,14,95,98,9
P124,Servicios de publicidad y estudios de mercado,False,True,apto,0.373963990932294,0.0874927281735566,0.46145671910585,0.527834745788002,0.0107085351061445,3.38250585499542,1.53022503080047,0.530225030800472,0.14270466787991,0.0552119397063536,0.841628898960413,0.313794153172411,0.0156664331592768,0.00495789805313228,6.64029322806918,3.25778737307376,1.15321098395289,2.50452811628083,2.50452811628083,1.03763008967838,1.53433744414447,1.53433744414447,Rasmussen-Hirschman_filas_L_no_Ghosh,clave,50,100,48,107,50,16
P125,Servicios de arrendamiento o alquiler sin operador,False,True,apto,0.260376829659951,0.0572475144461158,0.317624344106067,0.67328696985068,0.0090886860432504,5.60377189553697,1.36060857035232,0.360608570352324,0.100141927343824,0.0428944128977087,0.887298866908179,0.214011897057499,0.0125592057479226,0.00347051970467223,7.99636065345089,2.39258875791392,0.802936719073174,2.49470227411276,2.49470227411276,0.922614886343434,1.55469164560984,1.55469164560984,Rasmussen-Hirschman_filas_L_no_Ghosh,proveedor_estrategico,99,119,29,96,99,14
P126,Servicios  de agencias de empleo y de dotación de recursos humanos,False,True,apto,0.0922155645230683,0.0148205293875286,0.107036093910597,0.88998112173863,0.0029827843507706,17.8753036112448,1.12857197258112,0.128571972581119,0.0268837008220452,0.0120631714345166,0.969026400747294,0.0790452790086636,0.00408989843062349,0.00110711407985289,18.7299849438833,0.854681332638528,0.284369630440361,3.5447985020716,3.5447985020716,0.765273220308829,1.9767485153842,1.9767485153842,Rasmussen-Hirschman_filas_L_no_Ghosh,proveedor_estrategico,143,144,3,31,143,8
P127,"Servicios de agencias de viajes, operadores turísticos y actividades conexas",False,True,apto,0.333067833205748,0.0552073762834066,0.388275209489155,0.600438960829236,0.0112858296816066,5.41745488102939,1.48461999971634,0.484619999716338,0.103552380725461,0.0483450044420546,0.880548366680096,0.28010940585086,0.0158992525943061,0.00461342291269951,8.34913639115922,2.93168151012984,1.0270975092995,0.0156692448537436,0.0156692448537436,1.00670578015453,0.685055680829526,0.685055680829526,Rasmussen-Hirschman_filas_L_no_Ghosh,impulsor_demanda,60,118,32,90,60,126
P128,"Servicios de seguridad, sistemas de seguridad e investigación privada",False,True,apto,0.146561383500042,0.0316937664862665,0.178255149986308,0.816397601333112,0.0053472486805775,13.3916588666351,1.19615277024923,0.196152770249232,0.0484182183958957,0.0167244519096292,0.944588551101351,0.128190949768239,0.00699323050273779,0.00164598182216029,14.9015533616773,1.50989449504215,0.451958480960217,1.77959305040993,1.77959305040993,0.811099074502455,1.33900647187962,1.33900647187962,Rasmussen-Hirschman_filas_L_no_Ghosh,proveedor_estrategico,136,138,9,49,136,21
P129,Servicios de limpieza,False,True,apto,0.249077167487574,0.0315589949283733,0.280636162415947,0.71195095077025,0.0074128868137997,12.180249822165,1.33991421609189,0.339914216091889,0.0712158360419843,0.039656841113611,0.918454368970357,0.206503418200107,0.0103297949875505,0.00291690817375079,14.7138133922714,2.53356357010641,0.768091400143787,0.611573155305714,0.611573155305714,0.908582254387428,0.901034022233689,0.901034022233689,Rasmussen-Hirschman_filas_L_no_Ghosh,bajo_promedio,106,132,15,50,106,58
P130,Servicios telefónicos de centros de llamadas,False,True,apto,0.206128828923677,0.0124869879883381,0.218615816912015,0.776286012669356,0.0050981704186269,7.28531555398228,1.28299928058001,0.28299928058001,0.0369071297448946,0.0244201417565565,0.955620623938909,0.179334611269553,0.00747224631612305,0.00237407589749615,8.83391522483278,1.5485996708505,0.635649515429328,0.0712077180368094,0.0712077180368094,0.869988813259141,0.709607576094021,0.709607576094021,Rasmussen-Hirschman_filas_L_no_Ghosh,bajo_promedio,120,143,4,85,120,103
P131,"Servicios administrativos, de apoyo de oficina y otros servicios de apoyo a las empresas",False,True,apto,0.23740460528028,0.0508713357349904,0.28827594101527,0.701777374144883,0.0099466848398435,6.99412786303126,1.32588620525068,0.325886205250675,0.0842322226338661,0.0333608868988757,0.902940559822306,0.201163185677423,0.0128272175395196,0.00288053269967613,9.09039690991638,2.09626904688512,0.732096151203464,1.01874729446133,1.01874729446133,0.899070002362925,1.08794918510685,1.08794918510685,Rasmussen-Hirschman_filas_L_no_Ghosh,proveedor_estrategico,108,127,23,83,108,40
P132,"Servicios de mantenimiento, reparación e instalación de productos metálicos elaborados, maquinaria y equipo",False,True,apto,0.393824539304812,0.316758323137534,0.710582862442346,0.275590007249691,0.0138271303079595,2.51288572471318,1.54794137814106,0.547941378141055,0.399984986536728,0.0832266633991935,0.580808662490041,0.30521865524035,0.0192063509728892,0.00537922066492969,6.38454571690894,3.87165999219577,1.21445592487198,2.99950562285747,2.99950562285747,1.04964336531417,1.69729525334722,1.69729525334722,Rasmussen-Hirschman_filas_L_no_Ghosh,clave,49,18,130,110,49,10
P133,Servicios de reparación de otros bienes,False,True,apto,0.182348653389647,0.112997588117745,0.295346241507393,0.697364546307005,0.0072892121855996,15.8991438034253,1.24569315644221,0.245693156442211,0.147288616694394,0.0342910285766488,0.843299361325547,0.145934815018542,0.00941202197627364,0.00212280979067404,17.5526027280567,1.65345892463133,0.562317429209466,0.397951096564667,0.397951096564667,0.844691908453964,0.82134958653953,0.82134958653953,Rasmussen-Hirschman_filas_L_no_Ghosh,bajo_promedio,129,98,46,38,129,68
P134,"Servicios de apoyo a la agricultura, caza, silvicultura y pesca",False,True,apto,0.0726234384313225,0.0330989463600447,0.105722384791367,0.888099816958865,0.0061777982497658,56.9391093069222,1.10713101643705,0.107131016437052,0.0460234096462225,0.0129244632861777,0.94666090881926,0.0585610918603946,0.00731568153450225,0.00113788328473645,57.744729376622,0.805620069699728,0.223952436390034,2.25617489455129,2.25617489455129,0.750734325179842,1.421796145235,1.421796145235,Rasmussen-Hirschman_filas_L_no_Ghosh,proveedor_estrategico,144,139,8,6,144,19
P135,"Servicios de apoyo a la explotación de minas y canteras y los relacionados con la distribución de electricidad, gas y agua",False,True,apto,0.336523986820721,0.279680628983438,0.61620461580416,0.373634863194711,0.0101605210011255,0.654667264184951,1.48182959516443,0.481829595164428,0.355738788928108,0.0760581599446698,0.629111209523696,0.255476346328985,0.0151500015481683,0.00498948054704275,3.47577449829028,2.82110723410533,1.03775541863745,0.328419846147595,0.328419846147595,1.00481363509929,0.761145043403899,0.761145043403899,Rasmussen-Hirschman_filas_L_no_Ghosh,impulsor_demanda,64,25,122,134,64,85
P136,Servicios de manufactura,False,True,apto,0.273650013954025,0.0910444328895682,0.364694446843593,0.62792790725721,0.0073776458991942,12.9500264625482,1.3776890527716,0.377689052771601,0.155003047103885,0.0639586142143163,0.834324526577772,0.206396619320562,0.0106724263181136,0.00329478041891937,15.418606359438,2.46857989688972,0.843867884348733,1.8152370458927,1.8152370458927,0.934196988418443,1.19214560946784,1.19214560946784,Rasmussen-Hirschman_filas_L_no_Ghosh,proveedor_estrategico,91,93,52,46,91,31
P137,Servicios públicos del gobierno general,False,True,apto,0.475940379020635,0.0893225452472772,0.565262924267912,0.419145214726908,0.0155918610051756,4.29784190973464,1.71433266366585,0.714332663665848,0.17432881099731,0.0850062657500333,0.802857419632743,0.383712204905835,0.0228137693697932,0.00722190836461756,8.19183209813048,3.89399018839584,1.46768054171469,0,0,1.16247161020993,0.678089868348049,0.678089868348049,Rasmussen-Hirschman_filas_L_no_Ghosh,impulsor_demanda,25,83,71,93,25,135
P138,"Servicios públicos administrativos relacionados con la provisión de servicios educativos, de salud, servicios sociales, culturales y otros, sin contar los servicios de seguridad social",False,True,apto,0.243497468098515,0.029783996725947,0.273281464824462,0.718294699756563,0.0084238354189712,7.38414978764744,1.36338874059401,0.363388740594012,0.073627874171302,0.043843877445355,0.91421171555367,0.195917015797107,0.0121604102749738,0.00373657485600265,9.89724455400873,2.51309476636129,0.750885009211398,0,0,0.924500091616606,0.678089868348049,0.678089868348049,Rasmussen-Hirschman_filas_L_no_Ghosh,bajo_promedio,97,129,19,76,97,135
P139,Otros servicios administrativos,False,True,apto,0.448894122760359,0.0300142742027935,0.478908396963153,0.509266201462071,0.0118254015747739,5.2335785087037,1.69729627742901,0.697296277429008,0.113469604803915,0.0834553306011217,0.866941575030727,0.357675373568656,0.0195888201651394,0.00776341859036549,9.17251058652262,3.93893207781892,1.38427668318704,0,0,1.15091940930947,0.678089868348049,0.678089868348049,Rasmussen-Hirschman_filas_L_no_Ghosh,impulsor_demanda,27,115,36,82,27,135
P140,Servicios públicos administrativos prestados a la comunidad en su conjunto,False,True,apto,0.139939017204351,0.0285038614151584,0.16844287861951,0.826762404429213,0.0047947169512737,8.49932782517695,1.19894042544323,0.19894042544323,0.0509354948594861,0.0224316334443277,0.942385697797752,0.115623293368539,0.00667880734274244,0.00188409039146874,9.73551235437692,1.23618452919997,0.431536767273532,0,0,0.812989355245954,0.678089868348049,0.678089868348049,Rasmussen-Hirschman_filas_L_no_Ghosh,bajo_promedio,135,137,10,77,135,135
P141,Servicios administrativos relacionados con los sistemas de seguridad social de afiliación obligatoria,False,True,apto,0.187838122400462,0.0622036472145835,0.250041769615046,0.745663443281754,0.0042947871031971,5.13256273397955,1.2673536535057,0.267353653505701,0.0859248596934717,0.0237212124788882,0.907494696518635,0.161831253236881,0.0065804437878617,0.0022856566846646,6.6320019036785,1.49943916969895,0.579245572327094,0,0,0.8593796720561,0.678089868348049,0.678089868348049,Rasmussen-Hirschman_filas_L_no_Ghosh,bajo_promedio,124,124,22,108,124,135
P142,Servicios de enseñanza,False,True,apto,0.110577989646389,0.0210374978784675,0.131615487524857,0.863764171628909,0.0046203408462303,12.3876746195897,1.15816347630356,0.158163476303562,0.0404107766575167,0.0193732787790492,0.953548831082387,0.0897846594534784,0.00604039225988975,0.00142005141365945,13.4566726878181,1.06899806822845,0.340994735684947,0.0794864393900846,0.0794864393900846,0.785338919172201,0.696341011700014,0.696341011700014,Rasmussen-Hirschman_filas_L_no_Ghosh,bajo_promedio,142,142,5,55,142,113
P143,Servicios de hospitalización,False,True,apto,0.199854097291117,0.0693782148586454,0.269232312149762,0.722011474414861,0.0087562134353727,7.45262230777794,1.28555138932388,0.285551389323883,0.105520393964934,0.0361421791062886,0.8829699444001,0.160958469985239,0.0115096616347948,0.00275344819942214,10.0520549585047,2.59943265072676,0.616299819695295,0,0,0.871719372341283,0.678089868348049,0.678089868348049,Rasmussen-Hirschman_filas_L_no_Ghosh,bajo_promedio,119,117,30,75,119,135
P144,Servicios médicos y dentales,False,True,apto,0.246724047081715,0.105281705622239,0.352005752703954,0.636591287980579,0.0114029593154635,5.8995929686446,1.34515783390527,0.345157833905269,0.14066109443851,0.0353793888162711,0.844688704369553,0.208097416388974,0.0146502011918842,0.00324724187642067,8.75537586693827,2.85578289829367,0.760834968069043,0.280395962802355,0.280395962802355,0.91213789850017,0.74237768756534,0.74237768756534,Rasmussen-Hirschman_filas_L_no_Ghosh,bajo_promedio,104,102,45,87,104,91
P145,Otros servicios de atención de la salud humana,False,True,apto,0.326441287168567,0.0804352099269067,0.406876497095474,0.580912263176859,0.0122112397276624,29.0886101171201,1.45986030686962,0.459860306869619,0.131056889670125,0.0506216797432187,0.852524502525042,0.271612239348183,0.0164186078047317,0.00420736807706928,32.286131393978,3.19752127685793,1.00666290634028,0.334899415842968,0.334899415842968,0.989916483291763,0.755247475935224,0.755247475935224,Rasmussen-Hirschman_filas_L_no_Ghosh,bajo_promedio,72,109,39,14,72,87
P146,"Servicios audiovisuales, recreativos, culturales y deportivos",False,True,apto,0.373315883563459,0.0989276908549013,0.47224357441836,0.515405280897128,0.0123511446845073,7.03884223858735,1.52590619476474,0.525906194764736,0.156754021273211,0.0578263304183098,0.826003467709662,0.310598186812534,0.0172425110059376,0.00489136632143027,10.5375773019835,3.49873506339619,1.15121238367414,0.19954470038955,0.19954470038955,1.03470153071949,0.746740441885662,0.746740441885662,Rasmussen-Hirschman_filas_L_no_Ghosh,impulsor_demanda,51,91,57,73,51,90
P147,Servicios de asociaciones que sirven a las empresas,False,True,apto,0.330382743681307,0.0399724688344929,0.3703552125158,0.619387635457846,0.0102571520263525,4.95576119705038,1.4819731191715,0.481973119171502,0.087882722776927,0.047910253942434,0.897344301548556,0.27795666609071,0.0147729756744267,0.00451582364807425,7.65644605283055,2.70068485578017,1.01881736787528,0.206183649514587,0.206183649514587,1.00491095727435,0.751136670149015,0.751136670149015,Rasmussen-Hirschman_filas_L_no_Ghosh,impulsor_demanda,63,122,28,100,63,88
P148,Servicios de asociaciones que sirven a los hogares,False,True,apto,0.46953237061796,0.0670717581360546,0.536604128754015,0.445422802047853,0.0179730691981287,4.75811416199908,1.68615727385742,0.686157273857422,0.136766480103648,0.069694721967593,0.838682410742673,0.39325960869482,0.0245511091535668,0.00657803995543813,9.40177291012103,4.64365874812195,1.44791985390942,1.6224858815916e-21,1.6224858815916e-21,1.14336616384408,0.678089868348049,0.678089868348049,Rasmussen-Hirschman_filas_L_no_Ghosh,impulsor_demanda,34,107,49,81,34,135
P149,Otros servicios,False,True,apto,0.116371761456313,0.0277478125858155,0.144119574042128,0.851459054022473,0.0044213719353962,11.2280602153233,1.15880792371108,0.158807923711083,0.045735398043806,0.0179875854579905,0.94848432151521,0.0970252674927367,0.00578028044095958,0.00135890850556338,12.2535506136417,1.02549039831843,0.358861272174365,0.0321966987874599,0.0321966987874599,0.785775912429924,0.687421712345741,0.687421712345741,Rasmussen-Hirschman_filas_L_no_Ghosh,bajo_promedio,141,140,7,61,141,124
P150,Servicios domésticos,False,True,apto,0,0,0,1,0,48.6963448312358,1,0,0,0,1,0,0,0,48.6963448312358,0,0,0,0,0.678089868348049,0.678089868348049,0.678089868348049,Rasmussen-Hirschman_filas_L_no_Ghosh,bajo_promedio,146,146,1,8,146,135
P151,Compras directas en el exterior por residentes,True,False,solo_completitud_algebraica,0,0,0,0,0,0,1,0,0,0,0,0,0,0,0,0,0,0,0,0.678089868348049,0.678089868348049,0.678089868348049,Rasmussen-Hirschman_filas_L_no_Ghosh,bajo_promedio,146,146,147,147,146,135
P152,Compras directas en el territorio nacional por no residentes,True,False,solo_completitud_algebraica,0,0,0,0,0,0,1,0,0,0,0,0,0,0,0,0,0,0,0,0.678089868348049,0.678089868348049,0.678089868348049,Rasmussen-Hirschman_filas_L_no_Ghosh,bajo_promedio,146,146,147,147,146,135
