codigo,producto,consumo_intermedio_domestico,consumo_intermedio_importado,impuestos_netos_productos,valor_agregado_bruto,suma_coeficientes
P001,Maíz,0.200592039268067,0.15016828423575,-0.034557989046015,0.683797665542198,1
P002,Frijoles,0.270867054559341,0.0833220066064042,-0.0470454174887092,0.692856356322964,1
P003,Leguminosas (legumbres secas) y semillas oleaginosas,0.344422708824118,0.2010126211828,0.00336000426773266,0.451204665725349,1
P004,Arroz,0.351486612097776,0.205847713080351,0.00503967938759026,0.437625995434283,1
P005,Otros cereales,0.216544937726493,0.184194517772796,0.00411167127022242,0.595148873230488,1
P006,Hortalizas,0.183386234052324,0.088961389662407,0.00409871061401035,0.723553665671259,1
P007,Sandías y melones,0.202812282461418,0.116649357327296,0.00395622906938196,0.676582131141904,1
P008,Ejotes y arvejas,0.167274697297307,0.0818281348029426,0.00371255255486561,0.747184615344884,1
P009,Raíces y tubérculos,0.301596958803799,0.107780446659485,0.00505518413215248,0.585567410404564,1
P010,Caña de azúcar y otras plantas azucareras,0.549755750672719,0.12487320683092,0.0104414631032073,0.314929579393154,1
P011,Tabaco y otras plantas no perennes,0.264454656565565,0.0905535021114628,0.00480592846396476,0.640185912859007,1
P012,"Bananos, plátanos y otros",0.32218334551208,0.118800310367477,0.00579718584120049,0.553219158279243,1
P013,Frutas tropicales y subtropicales,0.142942545353347,0.0587643220055981,0.00235300928990142,0.795940123351153,1
P014,"Berries, otras frutas y semillas de frutas",0.210947616724368,0.0911898482729317,0.00363935571950544,0.694223179283195,1
P015,Palma africana,0.294101203771295,0.105891233101788,0.00457789128314015,0.595429671843777,1
P016,Café en grano,0.619540657523538,0.0256977031091731,0.00102163658920181,0.353740002778087,1
P017,Cardamomo,0.517193305870077,0.032279406793364,0.00198692399642067,0.448540363340139,1
P018,Caucho natural,0.568046482591696,0.0722185829674841,0.00623833416295195,0.353496600277868,1
P019,Propagación de plantas,0.475012784393224,0.183431901566087,0.0240655195886602,0.317489794452028,1
P020,"Otros frutos oleaginosos, otras plantas bebestibles y especias aromáticas",0.247973699362692,0.117526946563748,0.0101804981869565,0.624318855886604,1
P021,Ganado bovino,0.204466159095673,0.0725374315155945,0.00299467998130822,0.720001729407424,1
P022,Ganado porcino y otro tipo de animales vivos n.c.p.,0.580872503137292,0.0456604961930192,0.00459303541246124,0.368873965257228,1
P023,Aves de corral,0.617460467144695,0.0532986431859272,0.00264545997956957,0.326595429689808,1
P024,Leche cruda,0.593171424484365,0.170049010464766,0.00470423666196487,0.232075328388904,1
P025,Huevos,0.319859406683951,0.0364493421445422,0.00251384557052642,0.64117740560098,1
P026,Otros productos de animales vivos,0.350318611202864,0.0408170723245723,0.00337275384284381,0.60549156262972,1
P027,Troncos de madera y leña,0.121246952708755,0.0486088410422384,0.00558503668850277,0.824559169560504,1
P028,Productos forestales no madereros,0.240651663082723,0.0592951820252806,0.00605658716219736,0.693996567729799,1
P029,"Peces vivos, frescos o refrigerados",0.168358558157398,0.228187039363356,0.0377588591228963,0.565695543356349,1
P030,Crustáceos sin congelar y otros productos de la pesca,0.469794536849789,0.0900541536041922,0.00661830861398172,0.433533000932037,1
P031,Petróleo crudo y gas natural,0.251530834086779,0.154865403536965,0.0094375233443885,0.584166239031867,1
P032,Minerales metálicos,0.24739776721959,0.1378702806695,0.00745010921195791,0.607281842898952,1
P033,Minerales no metálicos,0.27172069305196,0.119605875969658,0.0132833300769571,0.595390100901424,1
P034,Carne y despojos comestibles de ganado bovino; cueros y pieles de bovino y de otros animales,0.751294259832825,0.0162871329954542,0.0031701354078724,0.229248471763849,1
P035,Carne y despojos comestibles de ganado porcino,0.751143437411626,0.00707989593121568,0.00149294803109546,0.240283718626063,1
P036,Carne y despojos comestibles de aves,0.731959358806834,0.0327877574317024,0.0030433259938809,0.232209557767583,1
P037,Carne y despojos de otros animales y conservas y preparados de carne,0.528768644713956,0.132759780230475,0.007463375393031,0.331008199662538,1
P038,"Pescado congelado, preparado o en conserva y sus productos",0.14586146002669,0.561589702310699,0.0114507639660541,0.281098073696557,1
P039,"Crustáceos, moluscos y demás invertebrados acuáticos congelados, preparados o en conserva y sus productos",0.34204799362168,0.364377744534873,0.00468927649325758,0.288884985350189,1
P040,"Vegetales preparados o en conserva, legumbres y papas",0.507035347723061,0.23457495284473,0.0111948162151006,0.247194883217109,1
P041,Preparaciones y conservas de frutas y nueces,0.347664692870908,0.156979670764745,0.00491136146841373,0.490444274895933,1
P042,Jugos de frutas,0.469071472766255,0.219723385951679,0.0107326391810052,0.300472502101061,1
P043,Aceites de origen vegetal,0.543807513871658,0.11422459782393,0.00302234769729326,0.338945540607118,1
P044,"Margarina, grasas y otros aceites de origen animal y vegetal",0.550234692592805,0.142454389617179,0.00495780700814358,0.302353110781873,1
P045,Leche líquida y crema procesada,0.579492220602076,0.0756343738401298,0.00758010351987875,0.337293302037916,1
P046,Otros productos lácteos n.c.p.,0.54819201837942,0.0812478353815747,0.00894164636065805,0.361618499878348,1
P047,Harina de trigo,0.190645128430862,0.557671656946243,0.0056501533470336,0.246033061275861,1
P048,Arroz sin cáscara,0.261993676123318,0.398827660682081,0.00942545252269248,0.329753210671908,1
P049,"Otros productos de molinería, almidones y productos de almidón",0.312652998907781,0.328222622155219,0.00745056983854154,0.351673809098458,1
P050,Pan y otros productos de panadería y repostería n.c.p.,0.478742999882588,0.107251557414917,0.00554180549605081,0.408463637206445,1
P051,"Tortillas de maíz, incluso tostadas, horneadas o fritas",0.360770947647169,0.138359694343407,0.00286332077801325,0.498006037231411,1
P052,"Azúcar de caña sin refinar y refinada, melaza y los demás azúcares n.c.p.",0.638130176101019,0.0325251709555909,0.00326323148608573,0.326081421457305,1
P053,Productos alimenticios n.c.p.,0.360736788984709,0.264581311908068,0.0107358993107983,0.363945999796424,1
P054,Preparados para alimentación animal,0.323086229804298,0.406547744872737,0.00245731764530178,0.267908707677663,1
P055,"Aguardientes, licores, vinos, demás bebidas espirituosas y productos del tabaco",0.580351928155078,0.0885733911216032,0.0150616323376646,0.316013048385655,1
P056,Malta y cerveza de malta,0.342481387246974,0.346950125637263,0.0115579228311175,0.299010564284645,1
P057,Bebidas no alcohólicas,0.474069568910649,0.268432881874336,0.0109762694274919,0.246521279787523,1
P058,Aguas minerales y otras aguas embotelladas,0.257153989661601,0.111909795593378,0.00648166353169447,0.624454551213327,1
P059,"Hilados, tejidos, telas y otros productos textiles excepto prendas de vestir",0.333346091755559,0.301305537013262,0.00946346754658347,0.355884903684595,1
P060,"Prendas de vestir, adobo y teñido de pieles",0.405257497777212,0.23789670690138,0.011086236650181,0.345759558671227,1
P061,Cuero de piel curtida o adobada y cuero artificial o regenerado y artículos de cuero,0.438839458494258,0.109781929746168,0.00720146350182415,0.44417714825775,1
P062,"Calzado y sus partes, de cualquier material y de cualquier uso",0.412382574646172,0.203462512077021,0.00934233107445482,0.374812582202352,1
P063,"Madera aserrada y acepillada, productos de madera, corcho, paja y materiales trenzables",0.517566282931882,0.140476681136287,0.00796709656425792,0.333989939367573,1
P064,Pasta de papel y papel,0.32047367795415,0.437548207649542,0.00920458966835376,0.232773524727954,1
P065,Envases de papel y cartón,0.293020238589727,0.390431181641548,0.00796881988015455,0.30857975988857,1
P066,Productos de la edición,0.307377131894488,0.155438565915864,0.00726733508379108,0.529916967105857,1
P067,Productos de la impresión,0.362055308313354,0.256611487951917,0.0115539854627304,0.369779218271999,1
P068,"Gasolinas, diésel oil y fuel oils",0.137830101403493,0.061874512663032,0.00468036433087641,0.795615021602599,1
P069,"Aceites, grasas lubricantes y otros aceites preparados",0,0,0,0,0
P070,"Gases de petróleo, otros productos de la refinación de petróleo n.c.p.",0.229651096003443,0.182302124358181,0.010402738736121,0.577644040902256,1
P071,"Abonos, fertilizantes y pesticidas",0.282268761548137,0.306284551297615,0.00660146506646637,0.404845222087782,1
P072,"Pinturas, barnices, tintas y productos relacionados",0.265287899899215,0.373303038014969,0.0108033691696495,0.350605692916167,1
P073,"Jabón, preparados de limpieza, perfumes y preparados de toilet",0.213538098546566,0.365524461746935,0.0090522203903891,0.411885219316109,1
P074,Otros productos químicos,0.428582542235847,0.195207828256318,0.00656401995839336,0.369645609549442,1
P075,Productos farmacéuticos,0.295688116197135,0.355755080382757,0.0114704958265782,0.33708630759353,1
P076,Productos de caucho y plástico,0.218895190782507,0.475894306254079,0.00754445029908646,0.297666052664328,1
P077,Vidrio y productos de vidrio,0.361900288985053,0.288806080944954,0.00968987781715172,0.339603752252841,1
P078,Productos de cerámica y arcilla,0.408728163103417,0.136782134550059,0.00914407393765764,0.445345628408866,1
P079,"Cemento, cal y yeso",0.394377688531809,0.0957643828894779,0.0107183177045012,0.499139610874212,1
P080,"Artículos de hormigón, cemento y yeso",0.613613476273527,0.0661392271911241,0.0206199007764679,0.299627395758881,1
P081,Piedras talladas para construcción y otros productos minerales no metálicos n.c.p.,0.478350852917077,0.195456565315112,0.0120380478276889,0.314154533940122,1
P082,"Métales básicos de hierro y acero, productos primarios de metales preciosos y otros metales no ferrosos",0.295980172703874,0.427777727717767,0.00840685297517265,0.267835246603186,1
P083,Productos metálicos estructurales y sus partes de hierro o de acero,0.178754279294607,0.514618285034396,0.0100399376408777,0.29658749803012,1
P084,Otros productos elaborados de metal,0.193739883542274,0.469994657851002,0.0115339718589926,0.324731486747731,1
P085,"Maquinaria para usos generales y especiales, sus partes y piezas, excepto electrodomésticos",0.233795162797992,0.347633792190764,0.00809770463605709,0.410473340375186,1
P086,Electrodomésticos y sus partes,0,0,0,0,0
P087,"Maquinaria de oficina, contabilidad e informática, sus partes y piezas",0,0,0,0,0
P088,"Maquinaria y aparatos eléctricos, sus partes y piezas",0.335855293821871,0.428786278059199,0.0132427877882615,0.222115640330669,1
P089,"Equipo y aparatos de radio, televisión y comunicaciones",0,0,0,0,0
P090,"Aparatos médicos, instrumentos ópticos y de precisión, relojes",0.356846479259376,0.190006820150549,0.013655201300854,0.439491499289221,1
P091,Equipo de transporte,0.342675083875267,0.253599164223935,0.0102236498088078,0.39350210209199,1
P092,Muebles,0.48100683633292,0.133499004445138,0.0075180868767975,0.377976072345144,1
P093,Otros artículos n.c.p.,0.306725220991638,0.189184899757854,0.0101151760364565,0.493974703214052,1
P094,Residuos y desechos,0.168115579656983,0.0969736669665107,0.0129158188151108,0.721994934561395,1
P095,"Generación y distribución de energía eléctrica, gas, vapor y aire acondicionado",0.215262929684877,0.202779065862871,0.00720703081525976,0.574750973636993,1
P096,Agua natural y distribución de agua natural,0.315115002623,0.077013567412735,0.0118474693770488,0.596023960587216,1
P097,"Evacuación de aguas residuales, recogida, tratamiento y eliminación de desechos",0.187311639972224,0.142413787950032,0.0169456834687635,0.653328888608981,1
P098,Edificaciones residenciales,0.400479623287246,0.0955712604975895,0.00995427107827994,0.493994845136885,1
P099,Edificaciones no residenciales,0.463673794337101,0.158477763510872,0.0119457234950159,0.365902718657011,1
P100,Obras de ingeniería civil,0.458207749274956,0.102955944753426,0.0131227668845919,0.425713539087025,1
P101,Servicios generales y especializados de construcción,0.460524104216949,0.133818947481878,0.0143062251483409,0.391350723152832,1
P102,Servicios de comercio,0.245947639324087,0.0347461506552005,0.00732328902572022,0.711982920994992,1
P103,Mantenimiento y reparación de vehículos automotores y motocicletas,0.194964377744068,0.115739281494925,0.0123062060017968,0.67699013475921,1
P104,Servicio de transporte de pasajeros por vía terrestre,0.233328980979192,0.253803806972404,0.0212674187257366,0.491599793322667,1
P105,Servicio de transporte de carga por vía terrestre,0.272266153449724,0.262860182291472,0.0273941595719109,0.437479504686894,1
P106,Otros tipos de transporte,0.302282850247617,0.171947278280164,0.0155968608969539,0.510173010575265,1
P107,Servicios de almacenamiento y depósito,0.359486118670737,0.0124083105013699,0.00878251709682567,0.619323053731067,1
P108,Otros servicios de apoyo al transporte,0.405944252432726,0.0714300816518152,0.0088062150572862,0.513819450858173,1
P109,Servicios postales y de mensajería,0.373559003396754,0.136224938934666,0.0164710067580788,0.473745050910502,1
P110,Servicio de alojamiento,0.36279931029293,0.0904420102358263,0.0116160455991024,0.535142633872141,1
P111,Servicio de suministro de comidas y bebidas,0.49818317873404,0.10443608004869,0.0124008703518483,0.384979870865422,1
P112,"Servicios de información, telecomunicaciones y radiodifusión",0.238521259720722,0.121438951522165,0.00815399037858976,0.631885798378523,1
P113,Servicios de banco central,0.546312963956881,0.0678597740845416,0.0182823947438777,0.3675448672147,1
P114,Otros servicios financieros y servicios de banca de inversión,0.522297886454872,0.111836042213055,0.0101893702271415,0.355676701104932,1
P115,Servicios de Intermediación Financiera Medidos Indirectamente (SIFMI),0.305697155036582,0.0247487204634003,0.00609561645556057,0.663458508044457,1
P116,"Servicios de seguro, reaseguro y fondos de pensiones",0.449932961071522,0.217709427380501,0.0116998039065798,0.320657807641397,1
P117,Servicios auxiliares de la intermediación financiera,0.393022847788145,0.0278072640738142,0.00728408236885548,0.571885805769185,1
P118,Servicios de alquiler de vivienda,0.0527763361710474,0.000985396935796516,0.00117850130176085,0.945059765591395,1
P119,"Otros servicios inmobiliarios, excepto alquiler de vivienda",0.269087775703785,0.0129583435201073,0.00734131181967855,0.710612568956429,1
P120,"Servicios jurídicos, de contabilidad, auditoría, teneduría de libros y consultoría fiscal",0.173321669277397,0.0211946703821923,0.00488255718225368,0.800601103158157,1
P121,Servicios de tecnología de la información,0.296077629944548,0.0983145084394567,0.0109603056742146,0.594647555941781,1
P122,"Servicios de arquitectura e ingeniería, ensayos y análisis técnicos",0.326806481771456,0.0492883568053884,0.0102578881480403,0.613647273275115,1
P123,"Otros servicios profesionales, científicos y técnicos",0.262490205661994,0.0320923533658184,0.00727697433880939,0.698140466633378,1
P124,Servicios de publicidad y estudios de mercado,0.373963990932295,0.0874927281735582,0.0107085351061445,0.527834745788002,1
P125,Servicios de arrendamiento o alquiler sin operador,0.260376829659952,0.0572475144461169,0.00908868604325047,0.67328696985068,1
P126,Servicios  de agencias de empleo y de dotación de recursos humanos,0.0922155645230701,0.0148205293875293,0.00298278435077065,0.88998112173863,1
P127,"Servicios de agencias de viajes, operadores turísticos y actividades conexas",0.33306783320575,0.0552073762834076,0.0112858296816066,0.600438960829236,1
P128,"Servicios de seguridad, sistemas de seguridad e investigación privada",0.146561383500043,0.0316937664862674,0.00534724868057751,0.816397601333112,1
P129,Servicios de limpieza,0.249077167487576,0.0315589949283742,0.00741288681379978,0.71195095077025,1
P130,Servicios telefónicos de centros de llamadas,0.206128828923678,0.0124869879883388,0.0050981704186269,0.776286012669356,1
P131,"Servicios administrativos, de apoyo de oficina y otros servicios de apoyo a las empresas",0.237404605280282,0.0508713357349915,0.00994668483984357,0.701777374144883,1
P132,"Servicios de mantenimiento, reparación e instalación de productos metálicos elaborados, maquinaria y equipo",0.393824539304814,0.316758323137536,0.0138271303079595,0.275590007249691,1
P133,Servicios de reparación de otros bienes,0.182348653389649,0.112997588117746,0.0072892121855996,0.697364546307005,1
P134,"Servicios de apoyo a la agricultura, caza, silvicultura y pesca",0.0726234384313237,0.0330989463600454,0.00617779824976589,0.888099816958865,1
P135,"Servicios de apoyo a la explotación de minas y canteras y los relacionados con la distribución de electricidad, gas y agua",0.336523986820723,0.27968062898344,0.0101605210011255,0.373634863194711,1
P136,Servicios de manufactura,0.273650013954027,0.0910444328895692,0.0073776458991942,0.62792790725721,1
P137,Servicios públicos del gobierno general,0.475940379020637,0.0893225452472792,0.0155918610051756,0.419145214726908,1
P138,"Servicios públicos administrativos relacionados con la provisión de servicios educativos, de salud, servicios sociales, culturales y otros, sin contar los servicios de seguridad social",0.243497468098517,0.0297839967259481,0.0084238354189712,0.718294699756563,1
P139,Otros servicios administrativos,0.448894122760361,0.0300142742027948,0.0118254015747739,0.509266201462071,1
P140,Servicios públicos administrativos prestados a la comunidad en su conjunto,0.139939017204354,0.0285038614151596,0.00479471695127378,0.826762404429213,1
P141,Servicios administrativos relacionados con los sistemas de seguridad social de afiliación obligatoria,0.187838122400464,0.0622036472145845,0.00429478710319715,0.745663443281754,1
P142,Servicios de enseñanza,0.110577989646392,0.0210374978784687,0.00462034084623038,0.863764171628909,1
P143,Servicios de hospitalización,0.199854097291119,0.0693782148586469,0.0087562134353727,0.722011474414861,1
P144,Servicios médicos y dentales,0.246724047081717,0.105281705622241,0.0114029593154635,0.636591287980579,1
P145,Otros servicios de atención de la salud humana,0.32644128716857,0.0804352099269086,0.0122112397276624,0.580912263176859,1
P146,"Servicios audiovisuales, recreativos, culturales y deportivos",0.373315883563461,0.0989276908549029,0.0123511446845073,0.515405280897128,1
P147,Servicios de asociaciones que sirven a las empresas,0.330382743681308,0.0399724688344936,0.0102571520263525,0.619387635457846,1
P148,Servicios de asociaciones que sirven a los hogares,0.469532370617962,0.0670717581360567,0.0179730691981287,0.445422802047853,1
P149,Otros servicios,0.116371761456314,0.0277478125858166,0.00442137193539625,0.851459054022473,1
P150,Servicios domésticos,0,0,0,1,1
P151,Compras directas en el exterior por residentes,0,0,0,0,0
P152,Compras directas en el territorio nacional por no residentes,0,0,0,0,0
