codigo,producto,exportaciones_fob,consumo_hogares,consumo_isflsh,consumo_gobierno,formacion_bruta_capital_fijo,variacion_existencias,ajuste_cif_fob_publicado,ajuste_cif_fob_aplicado,total_componentes_no_solapados,total_demanda_final_fuente,ajuste_balance_produccion_utilizacion,demanda_final_balanceada
P001,Maíz,11.4508637896902,3224.93987528495,0,0,0,25.0807263958937,0,-0,3261.47146547054,3261.47146547054,-1.31876731757075e-10,3261.47146547041
P002,Frijoles,26.5721775959875,1303.74832387208,0.00204179040118291,37.5886801585092,0,2.30938159195463,0,-0,1370.22060500893,1370.22060500893,-3.36513039655983e-11,1370.2206050089
P003,Leguminosas (legumbres secas) y semillas oleaginosas,351.565491270436,82.8163497903019,0,0,0,29.0093651115822,0,-0,463.39120617232,463.39120617232,7.37827576813288e-11,463.391206172394
P004,Arroz,0.03701,0,0,0,0,1.35657614482212,0,-0,1.39358614482212,1.39358614482211,2.28226326726144e-11,1.39358614484492
P005,Otros cereales,1.2288042,97.7839968027453,0,0,0,0,0,-0,99.0128010027453,99.0128010027453,-3.1244708225131e-06,99.0127978782745
P006,Hortalizas,580.241991465419,3827.08129855607,0.171440213374126,0.0925034325580271,0,0,0,-0,4407.58723366742,4407.58723366742,2.21916707232594e-10,4407.58723366764
P007,Sandías y melones,1099.27342362726,129.988588653985,0,0,0,17.736939,0,-0,1246.99895128125,1246.99895128125,1.87583282240666e-10,1246.99895128144
P008,Ejotes y arvejas,560.204555924756,161.011998469635,0,0,0,0,0,-0,721.216554394391,721.216554394391,2.43289832724258e-11,721.216554394415
P009,Raíces y tubérculos,55.6360080572132,1374.67309893429,0,0,0,0,0,-0,1430.3091069915,1430.3091069915,-7.07132130628452e-11,1430.30910699143
P010,Caña de azúcar y otras plantas azucareras,2.316666,3.29261128151251,0,0,0,47.6609499825284,0,-0,53.2702272640409,53.2702272640399,1.22791789181065e-07,53.2702273868317
P011,Tabaco y otras plantas no perennes,285.9470406636,166.74203368947,0,2.21070267227216,0,33.2806157448065,0,-0,488.180392770149,488.180392770149,5.22959453519434e-12,488.180392770154
P012,"Bananos, plátanos y otros",4275.86101565449,1417.9794959988,1.87115330156866,0,243.873553640323,0,0,-0,5939.58521859518,5939.58521859518,-2.63753463514149e-11,5939.58521859515
P013,Frutas tropicales y subtropicales,185.677269679283,1137.66719872416,2.09328865142723,0,124.56664949384,0,0,-0,1450.00440654871,1450.00440654871,-1.20508047984913e-11,1450.0044065487
P014,"Berries, otras frutas y semillas de frutas",190.693626935215,1121.12376003269,0,0.0245136284194323,148.44569214862,0,0,-0,1460.28759274494,1460.28759274494,-1.91448634723201e-10,1460.28759274475
P015,Palma africana,0,0,0,0,609.055414886086,0,0,-0,609.055414886086,609.055414886087,4.54747350886464e-13,609.055414886087
P016,Café en grano,5543.63570328,0,0,0,51.9562679487228,-93.7291442618525,0,-0,5501.86282696687,5501.86282696687,-1.81898940354586e-12,5501.86282696687
P017,Cardamomo,1690.199019,0,0,0,19.7105168118086,-108.194101979185,0,-0,1601.71543383262,1601.71543383262,0,1601.71543383262
P018,Caucho natural,1876.597296,0,0,0,17.1857799697041,0,0,-0,1893.7830759697,1893.7830759697,-4.54747350886464e-13,1893.7830759697
P019,Propagación de plantas,253.832085,29.3152840544036,0,0,0,0,0,-0,283.147369054404,283.147369054404,-1.40062184073031e-10,283.147369054263
P020,"Otros frutos oleaginosos, otras plantas bebestibles y especias aromáticas",19.1095586483933,144.077705702481,0,0,6.52705179633994,0,0,-0,169.714316147214,169.714316147214,1.35173650051001e-10,169.714316147349
P021,Ganado bovino,23.9643991357754,0,0,0,44.488079316462,43.2319472864116,0,-0,111.684425738649,111.684425738649,0,111.684425738649
P022,Ganado porcino y otro tipo de animales vivos n.c.p.,1.13478,161.787970152478,0.01178,2.44169486607143,24.434255,0.564502799999952,0,-0,190.374982818549,190.37498281855,0,190.37498281855
P023,Aves de corral,12.504845,507.51020133369,0.027835,0.713021633928571,485.931895257472,24.36727872054,0,-0,1031.05507694563,1031.05507694563,0,1031.05507694563
P024,Leche cruda,0,693.662732514208,0,0,0,0,0,-0,693.662732514208,693.662732514208,0,693.662732514208
P025,Huevos,0,2457.93297675151,0.139214486591643,0,0,0,0,-0,2458.0721912381,2458.0721912381,6.13908923696727e-11,2458.07219123816
P026,Otros productos de animales vivos,44.5266808997102,26.607745270105,0,0,0,0,0,-0,71.1344261698152,71.1344261698152,5.95434812566964e-12,71.1344261698212
P027,Troncos de madera y leña,11.523621,3103.5125972631,0,0,0,0,0,-0,3115.0362182631,3115.0362182631,0,3115.0362182631
P028,Productos forestales no madereros,142.188999465724,81.2000295170458,0,0,0,0,0,-0,223.38902898277,223.38902898277,8.50661763251992e-11,223.389028982855
P029,"Peces vivos, frescos o refrigerados",36.7811657646997,821.047512052852,0,0,0,0,0,-0,857.828677817552,857.828677817552,-1.02318153949454e-12,857.828677817551
P030,Crustáceos sin congelar y otros productos de la pesca,201.139168841933,320.305583864874,0,0,0,92.1261817868274,0,-0,613.570934493634,613.570934493634,-1.46542333823163e-10,613.570934493488
P031,Petróleo crudo y gas natural,2214.71768859199,0,0,0,0,23.0718289324649,0,-0,2237.78951752446,2237.78951752446,0,2237.78951752446
P032,Minerales metálicos,4016.789804,0,0,0,0,10.8984400464014,0,-0,4027.6882440464,4027.6882440464,-4.54747350886464e-13,4027.6882440464
P033,Minerales no metálicos,66.9252307314348,173.130713538716,0,0.962892959196284,0,22.5811393898203,0,-0,263.599976619167,263.599976619167,-7.83347786637023e-09,263.599976611334
P034,Carne y despojos comestibles de ganado bovino; cueros y pieles de bovino y de otros animales,59.3365220083889,4837.29184482891,0.0299568218565527,0.156031439119924,0,-4.36506273852231,0,-0,4892.44929235975,4892.44929235975,1.2732925824821e-10,4892.44929235988
P035,Carne y despojos comestibles de ganado porcino,0.957469,618.991393580605,0,0,0,-5.87673807703142,0,-0,614.072124503574,614.072124503574,-2.43289832724258e-11,614.072124503549
P036,Carne y despojos comestibles de aves,48.479381,6091.06880629303,0.260803224577857,0.0314828976908754,0,-26.8431401205717,0,-0,6112.99733329473,6112.99733329473,1.24600774142891e-10,6112.99733329485
P037,Carne y despojos de otros animales y conservas y preparados de carne,293.1183709692,1359.29594115587,0,0,0,-13.2313648764973,0,-0,1639.18294724857,1639.18294724857,-9.54969436861575e-12,1639.18294724856
P038,"Pescado congelado, preparado o en conserva y sus productos",581.34234650439,21.1566184058213,0,0,0,-0.237959609348789,0,-0,602.261005300863,602.261005300863,-8.31050783745013e-11,602.261005300779
P039,"Crustáceos, moluscos y demás invertebrados acuáticos congelados, preparados o en conserva y sus productos",360.102272733167,17.7819743831953,0,0,0,-4.25072325410193,0,-0,373.63352386226,373.63352386226,-6.05382410867605e-11,373.6335238622
P040,"Vegetales preparados o en conserva, legumbres y papas",518.5202664641,399.079691554193,0.00708242596952192,0,0,6.68454618109905,0,-0,924.291586625361,924.291586625361,1.26192389870994e-11,924.291586625374
P041,Preparaciones y conservas de frutas y nueces,613.9647984352,248.901782323262,0,0,0,4.91377345094531,0,-0,867.780354209408,867.780354209408,-1.42904355016071e-10,867.780354209265
P042,Jugos de frutas,262.7723544576,817.259741905873,0,0,0,4.77239618561532,0,-0,1084.80449254909,1084.80449254909,-9.43600753089413e-11,1084.80449254899
P043,Aceites de origen vegetal,2509.2955069106,905.81234479572,10.9749515364062,12.3784039145882,0,40.0493447217148,0,-0,3478.51055187903,3478.51055187903,-3.91082721762359e-11,3478.51055187899
P044,"Margarina, grasas y otros aceites de origen animal y vegetal",353.2498629093,247.777517784035,0,0,0,1.71864422929293,0,-0,602.746024922628,602.746024922628,6.98037183610722e-11,602.746024922698
P045,Leche líquida y crema procesada,1.7222177733,876.611910485084,0.135404122954774,0,0,4.57586340263564,0,-0,883.045395783975,883.045395783974,-6.57109922030941e-11,883.045395783909
P046,Otros productos lácteos n.c.p.,93.8315229994434,1657.59743301166,0,0,0,5.08937123689525,0,-0,1756.518327248,1756.518327248,-1.19371179607697e-09,1756.51832724681
P047,Harina de trigo,26.1100983200099,39.5088965246785,0.105057496944919,0,0,8.76380412654343,0,-0,74.4878564681767,74.4878564681767,9.36779542826116e-11,74.4878564682704
P048,Arroz sin cáscara,3.446638,402.350296283072,1.09519207788266,25.0721921237764,0,7.44429635059126,0,-0,439.408614835322,439.408614835322,9.12905306904577e-11,439.408614835413
P049,"Otros productos de molinería, almidones y productos de almidón",282.567800800727,555.877342187224,6.50167351180547,37.3807999964496,0,8.97298388049515,0,-0,891.300600376702,891.300600376702,-9.54969436861575e-12,891.300600376692
P050,Pan y otros productos de panadería y repostería n.c.p.,534.57478682291,6517.40362525394,0.0468300936640175,3.38767022446385,0,0.841144547415498,0,-0,7056.25405694239,7056.25405694239,-1.08229869510978e-10,7056.25405694228
P051,"Tortillas de maíz, incluso tostadas, horneadas o fritas",0,5399.22865454342,0,0.151413531187825,0,0.22238324064372,0,-0,5399.60245131525,5399.60245131525,9.09494701772928e-13,5399.60245131525
P052,"Azúcar de caña sin refinar y refinada, melaza y los demás azúcares n.c.p.",7669.3661073908,2663.40114286428,0.0011726435111358,4.85533436566412,0,187.509436578943,0,-0,10525.1331938432,10525.1331938432,4.36557456851006e-11,10525.1331938432
P053,Productos alimenticios n.c.p.,2106.01877040786,3646.05939830457,9.84372932028419,44.8870119526667,0,7.75856246104126,0,-0,5814.56747244642,5814.56747244642,2.03726813197136e-10,5814.56747244662
P054,Preparados para alimentación animal,486.0510529846,146.159190977591,0.0290225904623408,0,0,-50.9244434369304,0,-0,581.314823115723,581.314823115723,-6.3664629124105e-11,581.31482311566
P055,"Aguardientes, licores, vinos, demás bebidas espirituosas y productos del tabaco",932.8401244063,246.475617819438,0,0,0,45.0080152404279,0,-0,1224.32375746617,1224.32375746617,8.8220986071974e-11,1224.32375746625
P056,Malta y cerveza de malta,67.2275917507,1249.69483659951,0,0,0,-5.34028208305768,0,-0,1311.58214626715,1311.58214626715,-3.86535248253495e-11,1311.58214626711
P057,Bebidas no alcohólicas,805.8001597261,5874.567131361,9.87869341799467,1.44228673320803,0,92.4790126058784,0,-0,6784.16728384418,6784.16728384418,-1.36424205265939e-11,6784.16728384417
P058,Aguas minerales y otras aguas embotelladas,25.854833,878.188365199094,0.345937703767186,0.598693963308287,0,-1.5600683417931,0,-0,903.427761524376,903.427761524376,-6.79847289575264e-11,903.427761524308
P059,"Hilados, tejidos, telas y otros productos textiles excepto prendas de vestir",1335.8201176744,1217.33216794975,0.00931229335243587,0,0,119.411656715364,0,-0,2672.57325463287,2672.57325463287,1.7751517589204e-08,2672.57325465062
P060,"Prendas de vestir, adobo y teñido de pieles",2056.01596690294,3876.87120940538,4.77069096103542,0,0,63.08589721228,0,-0,6000.74376448164,6000.74376448164,-1.95632310351357e-09,6000.74376447968
P061,Cuero de piel curtida o adobada y cuero artificial o regenerado y artículos de cuero,112.107586828927,463.276098182109,0,0.0269078464091906,0,16.9157757563243,0,-0,592.32636861377,592.32636861377,-2.31921148952097e-11,592.326368613746
P062,"Calzado y sus partes, de cualquier material y de cualquier uso",270.096255615323,1034.69293268236,0,0,0,4.96473116888412,0,-0,1309.75391946657,1309.75391946657,-3.18323145620525e-11,1309.75391946654
P063,"Madera aserrada y acepillada, productos de madera, corcho, paja y materiales trenzables",429.038133821652,26.5738585568122,0,0,0,45.5310263304184,0,-0,501.143018708883,501.143018708882,-2.45563569478691e-11,501.143018708857
P064,Pasta de papel y papel,469.769258195123,411.58204429454,1.59094955925924,2.0866647037365,0,20.3480006610956,0,-0,905.376917413755,905.376917413755,-2.58296495303512e-10,905.376917413497
P065,Envases de papel y cartón,922.0308533418,5.60091086528783,0,0,0,27.8473967578313,0,-0,955.479160964919,955.479160964919,-1.95996108232066e-10,955.479160964722
P066,Productos de la edición,60.0900138920655,1030.26667618838,16.2253374046195,0,0,-123.152288527577,0,-0,983.429738957486,983.429738957486,2.68073563347571e-10,983.429738957754
P067,Productos de la impresión,99.9974932247397,195.589925423468,0,0,0,13.7666305579008,0,-0,309.354049206108,309.354049206108,7.50333128962666e-12,309.354049206116
P068,"Gasolinas, diésel oil y fuel oils",0,0,0,0,0,0,0,-0,0,0,-2.45705678025843e-11,-2.46132003667299e-11
P069,"Aceites, grasas lubricantes y otros aceites preparados",0,0,0,0,0,0,0,-0,0,0,0,0
P070,"Gases de petróleo, otros productos de la refinación de petróleo n.c.p.",33.2212436802999,0,0,0,0,5.43565192856477e-13,0,-0,33.2212436803005,33.2212436803005,-2.52043719228823e-10,33.2212436800484
P071,"Abonos, fertilizantes y pesticidas",1014.1165332776,5.16936122329105,0,0,0,47.7187856625894,0,-0,1067.00468016348,1067.00468016348,-3.91082721762359e-11,1067.00468016344
P072,"Pinturas, barnices, tintas y productos relacionados",359.2331302035,37.272489213875,2.61850865978913,0,0,4.34293268337146,0,-0,403.467060760536,403.467060760535,-6.59383658785373e-12,403.467060760529
P073,"Jabón, preparados de limpieza, perfumes y preparados de toilet",1746.73381511222,2042.02551197692,0,0,0,-8.54845877962855,0,-0,3780.2108683095,3780.2108683095,8.54925019666553e-11,3780.21086830959
P074,Otros productos químicos,2109.28530085799,322.397777419136,0,0,0,105.177957247791,0,-0,2536.86103552492,2536.86103552492,-8.66293703438714e-10,2536.86103552405
P075,Productos farmacéuticos,999.6227423771,629.420737587503,31.891509341568,695.760881591571,0,14.9921588627901,0,-0,2371.68802976053,2371.68802976053,-4.56293491879478e-09,2371.68802975597
P076,Productos de caucho y plástico,2100.62313076026,1717.85113711216,5.14587083744506,0,0,-57.3788161311414,0,-0,3766.24132257872,3766.24132257872,-1.45519152283669e-10,3766.24132257858
P077,Vidrio y productos de vidrio,373.003640184484,37.3568920331921,0,0,0,3.81476906679869,0,-0,414.175301284475,414.175301284475,-1.69393388205208e-11,414.175301284458
P078,Productos de cerámica y arcilla,373.8226832846,127.498636247978,0,0,0,19.0280792259564,0,-0,520.349398758535,520.349398758535,3.68345354218036e-11,520.349398758572
P079,"Cemento, cal y yeso",87.70775,48.942554897118,0,0,0,42.6802098138729,0,-0,179.330514710991,179.330514710991,2.71938915830106e-10,179.330514711261
P080,"Artículos de hormigón, cemento y yeso",18.3841056944,0.0479062122352849,0,0,0,20.4823131150526,0,-0,38.9143250216878,38.914325021688,-1.81444193003699e-10,38.914325021507
P081,Piedras talladas para construcción y otros productos minerales no metálicos n.c.p.,16.52779202,20.1713778302575,0,0,0,9.09790995488884,0,-0,45.7970798051464,45.7970798051463,-8.01492205937393e-11,45.7970798050661
P082,"Métales básicos de hierro y acero, productos primarios de metales preciosos y otros metales no ferrosos",1502.2911341287,1.75249756652723,0,0,0,215.272035507898,0,-0,1719.31566720313,1719.31566720313,-4.10909706261009e-09,1719.31566719902
P083,Productos metálicos estructurales y sus partes de hierro o de acero,133.1637270694,555.1288873223,0,0,0,17.9176018392089,0,-0,706.210216230909,706.210216230909,-7.77617970015854e-11,706.210216230831
P084,Otros productos elaborados de metal,889.595363418902,240.913172774813,0,0.00508470798522671,153.1579968145,87.5657598734888,0,-0,1371.23737758969,1371.23737758969,-4.76120476378128e-10,1371.23737758921
P085,"Maquinaria para usos generales y especiales, sus partes y piezas, excepto electrodomésticos",258.040716540965,0.216681565490006,0,0,1414.91864915173,14.6949317049121,0,-0,1687.8709789631,1687.8709789631,-9.40872268984094e-10,1687.87097896216
P086,Electrodomésticos y sus partes,0,0,0,0,0,0,0,-0,0,0,-3.1229548035988e-08,-3.12295480359881e-08
P087,"Maquinaria de oficina, contabilidad e informática, sus partes y piezas",0,0,0,0,0,0,0,-0,0,0,-2.1801414680877e-08,-2.1801414680877e-08
P088,"Maquinaria y aparatos eléctricos, sus partes y piezas",146.905035086531,4.02068039831658,0,0,1048.98512286279,13.6886220495805,0,-0,1213.59946039722,1213.59946039722,1.3505996321328e-10,1213.59946039736
P089,"Equipo y aparatos de radio, televisión y comunicaciones",0,0,0,0,0,0,0,-0,0,0,0,0
P090,"Aparatos médicos, instrumentos ópticos y de precisión, relojes",0,34.4429422955788,1.07083699293896,0.37727340248404,0,3.93770308732832,0,-0,39.8287557783301,39.8287557783301,1.88720150617883e-11,39.828755778349
P091,Equipo de transporte,107.991274686602,277.659691060451,0.0151863641174186,0,191.573261755335,-3.77885211630998,0,-0,573.460561750196,573.460561750196,3.12638803734444e-10,573.460561750509
P092,Muebles,342.268871067195,2190.60599053758,0,0,2227.28135317482,17.587447374565,0,-0,4777.74366215416,4777.74366215416,-2.45563569478691e-11,4777.74366215414
P093,Otros artículos n.c.p.,148.5893441326,862.466171383523,9.96100481788783,2.36125285141585,23.1391358490566,7.59450695566452,0,-0,1054.11141599015,1054.11141599015,2.50793164013885e-10,1054.1114159904
P094,Residuos y desechos,501.712868196362,0,0,0,0,3.62329323021713,0,-0,505.33616142658,505.33616142658,-3.09228198602796e-11,505.336161426549
P095,"Generación y distribución de energía eléctrica, gas, vapor y aire acondicionado",219.596391914399,5301.34880344284,0,0,0,0,0,-0,5520.94519535724,5520.94519535724,1.81898940354586e-12,5520.94519535724
P096,Agua natural y distribución de agua natural,0,1183.2952092493,0,0,0,0,0,-0,1183.2952092493,1183.2952092493,4.54747350886464e-13,1183.2952092493
P097,"Evacuación de aguas residuales, recogida, tratamiento y eliminación de desechos",0,450.667756088854,0,0,0,0,0,-0,450.667756088854,450.667756088854,1.13686837721616e-13,450.667756088855
P098,Edificaciones residenciales,0,0,0,0,14873.3727593345,435.862471880769,0,-0,15309.2352312153,15309.2352312153,0,15309.2352312153
P099,Edificaciones no residenciales,0,0,0,0,6325.24224247114,16.6166182726731,0,-0,6341.85886074381,6341.85886074381,-0.163310865901622,6341.69554987791
P100,Obras de ingeniería civil,0,0,0,0,11112.924307115,0,0,-0,11112.924307115,11112.924307115,0,11112.924307115
P101,Servicios generales y especializados de construcción,214.567115740813,110.240787312852,0,0,0,0,0,-0,324.807903053665,324.807903053665,2.11002770811319e-10,324.807903053874
P102,Servicios de comercio,2563.76650795549,72946.1055169695,138.619776555947,255.804029105864,4893.13768986704,211.584582745435,0,-0,81009.0181031993,81009.0181031993,-3.91446519643068e-09,81009.0181031954
P103,Mantenimiento y reparación de vehículos automotores y motocicletas,5.22663582912429,5711.80036797364,0,0,0,0,0,-0,5717.02700380276,5717.02700380276,-7.09405867382884e-11,5717.02700380269
P104,Servicio de transporte de pasajeros por vía terrestre,5.23942259525629,5654.80782753905,0,0,0,0,0,-0,5660.04725013431,5660.04725013431,-9.09494701772928e-13,5660.04725013431
P105,Servicio de transporte de carga por vía terrestre,1026.32459002887,3056.6908943993,2.87927714452793,3.77450267178849,139.384113530434,22.6200825542407,-23.9879956546108,23.9879956546108,4275.66145598378,4275.66145598378,0.189999990836441,4275.85145597461
P106,Otros tipos de transporte,124.339003792286,246.119413385182,0,0,0,0,0,-0,370.458417177467,370.458417177467,4.39598750290315e-07,370.458417617066
P107,Servicios de almacenamiento y depósito,1.62989373,0,0,0,0,0,0,-0,1.62989373,1.62989372999999,-3.76871867047157e-11,1.62989372996225
P108,Otros servicios de apoyo al transporte,1728.15969005828,1765.6305266606,0,0,0,0,0,-0,3493.79021671887,3493.79021671887,4.82032191939652e-11,3493.79021671892
P109,Servicios postales y de mensajería,43.1026842901674,325.218143979133,0,0,0,0,0,-0,368.3208282693,368.3208282693,-1.88720150617883e-11,368.320828269281
P110,Servicio de alojamiento,0,877.084754710434,0,0,0,0,0,-0,877.084754710434,877.084754710434,2.27373675443232e-13,877.084754710434
P111,Servicio de suministro de comidas y bebidas,33.3248228836982,24469.8992280186,47.8051251162879,1110.81745745091,0,0,0,-0,25661.8466334695,25661.8466334695,2.5465851649642e-11,25661.8466334695
P112,"Servicios de información, telecomunicaciones y radiodifusión",3535.47833665048,13507.1387285554,0,0,0,0,0,-0,17042.6170652059,17042.6170652059,-6.18456397205591e-11,17042.6170652058
P113,Servicios de banco central,0,0,0,696.027746796241,0,0,0,-0,696.027746796241,696.027746796241,0,696.027746796241
P114,Otros servicios financieros y servicios de banca de inversión,63.7785505790595,523.266523720787,0,0,0,0,0,-0,587.045074299847,587.045074299847,4.54747350886464e-13,587.045074299847
P115,Servicios de Intermediación Financiera Medidos Indirectamente (SIFMI),131.671668258195,9058.32166575995,0,0,0,0,0,-0,9189.99333401815,9189.99333401815,-2.0190782379359e-10,9189.99333401795
P116,"Servicios de seguro, reaseguro y fondos de pensiones",236.779837858047,1614.01522651942,0,0,0,0,0,-0,1850.79506437746,1850.79506437746,1.59161572810262e-11,1850.79506437748
P117,Servicios auxiliares de la intermediación financiera,2.120522,1954.83181877897,0,0,0,0,0,-0,1956.95234077897,1956.95234077897,2.72848410531878e-12,1956.95234077897
P118,Servicios de alquiler de vivienda,0,30462.7748683978,0,0,0,0,0,-0,30462.7748683978,30462.7748683978,-3.63797880709171e-12,30462.7748683978
P119,"Otros servicios inmobiliarios, excepto alquiler de vivienda",0,29.6872019086769,0,0,0,0,0,-0,29.6872019086769,29.6872019086768,0,29.687201908675
P120,"Servicios jurídicos, de contabilidad, auditoría, teneduría de libros y consultoría fiscal",8.86394942697256,153.286574440027,0,0,0,0,0,-0,162.150523867,162.150523867,6.85304257785901e-10,162.150523867685
P121,Servicios de tecnología de la información,317.314047420089,0,0,0,344.91096411466,0,0,-0,662.22501153475,662.225011534749,-1.45519152283669e-10,662.225011534604
P122,"Servicios de arquitectura e ingeniería, ensayos y análisis técnicos",9.315264114381,83.7548599840627,0,0,354.253434189628,0,0,-0,447.323558288072,447.323558288072,-9.09494701772928e-13,447.323558288071
P123,"Otros servicios profesionales, científicos y técnicos",227.099116289575,81.3534956988212,52.8163062626131,0,240.75053077723,0,0,-0,602.019449028239,602.019449028239,-0.0250000000251021,601.994449028218
P124,Servicios de publicidad y estudios de mercado,37.8361698055693,2.5608787659644,0,0,0,0,0,-0,40.3970485715337,40.3970485715345,1.36424205265939e-11,40.397048571549
P125,Servicios de arrendamiento o alquiler sin operador,121.028423234524,327.266690818806,0,0,0,0,0,-0,448.29511405333,448.29511405333,-3.79895936930552e-09,448.295114049531
P126,Servicios  de agencias de empleo y de dotación de recursos humanos,0,0,0,0,0,0,0,-0,0,0,0,1.81898940354586e-12
P127,"Servicios de agencias de viajes, operadores turísticos y actividades conexas",443.798532803681,218.35317330226,0,0,0,0,0,-0,662.151706105941,662.151706105941,-1.13686837721616e-13,662.151706105941
P128,"Servicios de seguridad, sistemas de seguridad e investigación privada",8.047698137,252.982644153006,0,0,0,0,0,-0,261.030342290006,261.030342290006,-9.09494701772928e-13,261.030342290007
P129,Servicios de limpieza,0,28.0932839224408,0,0,0,0,0,-0,28.0932839224408,28.0932839224408,1.13686837721616e-13,28.0932839224406
P130,Servicios telefónicos de centros de llamadas,1847.95444488644,0,0,0,0,0,0,-0,1847.95444488644,1847.95444488644,-6.00266503170133e-11,1847.95444488638
P131,"Servicios administrativos, de apoyo de oficina y otros servicios de apoyo a las empresas",117.760099093287,275.556956626579,0,0,0,0,0,-0,393.317055719866,393.317055719866,5.72981662116945e-11,393.317055719923
P132,"Servicios de mantenimiento, reparación e instalación de productos metálicos elaborados, maquinaria y equipo",105.466978248665,1.11322306581024,0,0,0,0,0,-0,106.580201314475,106.580201314475,-6.18456397205591e-11,106.580201314414
P133,Servicios de reparación de otros bienes,0,698.6066625506,0,0,0,0,0,-0,698.6066625506,698.6066625506,0,698.6066625506
P134,"Servicios de apoyo a la agricultura, caza, silvicultura y pesca",0,0,0,0,0,0,0,-0,0,0,1.81898940354586e-12,1.36424205265939e-12
P135,"Servicios de apoyo a la explotación de minas y canteras y los relacionados con la distribución de electricidad, gas y agua",0,0,0,0,0,0,0,-0,0,0,0,0
P136,Servicios de manufactura,3609.5874353223,1029.02418226663,0,0,0,0,0,-0,4638.61161758894,4638.61161758894,0,4638.61161758894
P137,Servicios públicos del gobierno general,0,506.43811952,0,9777.32776304799,0,0,0,-0,10283.765882568,10283.765882568,0,10283.765882568
P138,"Servicios públicos administrativos relacionados con la provisión de servicios educativos, de salud, servicios sociales, culturales y otros, sin contar los servicios de seguridad social",0,0.43577784,0,1831.73182290829,0,0,0,-0,1832.16760074829,1832.16760074829,0,1832.16760074829
P139,Otros servicios administrativos,0,22.5719986287,0,4076.91747388409,0,0,0,-0,4099.48947251279,4099.48947251279,0,4099.48947251279
P140,Servicios públicos administrativos prestados a la comunidad en su conjunto,25.3492686103732,241.478098029627,0,8415.50628584077,0,0,0,-0,8682.33365248077,8682.33365248077,0,8682.33365248077
P141,Servicios administrativos relacionados con los sistemas de seguridad social de afiliación obligatoria,0,0.2140026,0,738.013700865825,0,0,0,-0,738.227703465825,738.227703465825,0,738.227703465825
P142,Servicios de enseñanza,2.89474059715065,7192.9421571949,758.270972059435,11648.6137462666,0,0,0,-0,19602.7216161181,19602.7216161181,4.36557456851006e-11,19602.7216161181
P143,Servicios de hospitalización,118.706199617126,1537.58604387888,20.7894886262364,4727.9121114786,0,0,0,-0,6404.99384360084,6404.99384360084,0,6404.99384360084
P144,Servicios médicos y dentales,175.055693929619,3162.83683906212,178.238027936741,734.778282418819,0,0,0,-0,4250.9088433473,4250.9088433473,0,4250.9088433473
P145,Otros servicios de atención de la salud humana,53.5696091052262,1467.84777959011,535.210647221036,185.5939351,0,0,0,-0,2242.22197101637,2242.22197101637,-4.54747350886464e-13,2242.22197101637
P146,"Servicios audiovisuales, recreativos, culturales y deportivos",0,1707.90150396772,99.9226754012151,190.230807254919,0,0,0,-0,1998.05498662385,1998.05498662385,-8.18545231595635e-12,1998.05498662385
P147,Servicios de asociaciones que sirven a las empresas,0,0,0,0,0,0,0,-0,0,0,-6.70752342557535e-12,-6.76436684443615e-12
P148,Servicios de asociaciones que sirven a los hogares,0,19.0534012484009,1906.91972339597,0,0,0,0,-0,1925.97312464437,1925.97312464437,0,1925.97312464437
P149,Otros servicios,0,7631.80469597264,0.0252621818181818,0,0,0,0,-0,7631.82995815446,7631.82995815446,0,7631.82995815446
P150,Servicios domésticos,0,7294.0998186,0,0,0,0,0,-0,7294.0998186,7294.0998186,0,7294.0998186
P151,Compras directas en el exterior por residentes,0,0,0,0,0,0,0,-0,0,0,0,0
P152,Compras directas en el territorio nacional por no residentes,0,0,0,0,0,0,0,-0,0,0,0,0
