codigo,producto,exportaciones_fob,consumo_hogares,consumo_isflsh,consumo_gobierno,formacion_bruta_capital_fijo,variacion_existencias,ajuste_cif_fob_publicado,ajuste_cif_fob_aplicado,total_componentes_no_solapados,total_demanda_final_fuente
P001,Maíz,16.9603359103098,309.619005224696,0,0,0,13.4415852991602,0,-0,340.020926434166,340.020926434166
P002,Frijoles,0,29.7878265217945,24.7634956648451,0,0,0,0,-0,54.5513221866397,54.5513221866397
P003,Leguminosas (legumbres secas) y semillas oleaginosas,0,14.6358989727671,0,0,0,-49.1254984803987,0,-0,-34.4895995076316,-34.4895995076316
P004,Arroz,0,0,0,0,0,3.19068799093872,0,-0,3.19068799093872,3.19068799093873
P005,Otros cereales,3.2813407429157,5.33895288641943,0,0,0,-47.8141944952053,0,-0,-39.1939008658702,-39.1939008658701
P006,Hortalizas,0,75.88972488237,0,0,0,0,0,-0,75.88972488237,75.88972488237
P007,Sandías y melones,0.179127722,1.02290721248747,0,0,0,0,0,-0,1.20203493448747,1.20203493448747
P008,Ejotes y arvejas,0,2.17362945133074,0,0,0,0,0,-0,2.17362945133074,2.17362945133074
P009,Raíces y tubérculos,0,3.72592299863724,0,0,0,0,0,-0,3.72592299863724,3.72592299863724
P010,Caña de azúcar y otras plantas azucareras,0,1.13620885674299e-07,0,0,0,0,0,-0,1.13620885674299e-07,1.13620885672239e-07
P011,Tabaco y otras plantas no perennes,0,9.03902474860454,0,1.89960853225513,0,15.7076276699455,0,-0,26.6462609508051,26.6462609508052
P012,"Bananos, plátanos y otros",1.8728408776632,9.32980215021015,0,0,0,0,0,-0,11.2026430278733,11.2026430278733
P013,Frutas tropicales y subtropicales,0,13.3275193143403,0.0246873778537832,0,0,0,0,-0,13.352206692194,13.352206692194
P014,"Berries, otras frutas y semillas de frutas",0,363.332983126795,0,0,0,0,0,-0,363.332983126795,363.332983126795
P015,Palma africana,0,0,0,0,0,0,0,-0,0,0
P016,Café en grano,0,0,0,0,0,0,0,-0,0,0
P017,Cardamomo,0,0,0,0,0,0,0,-0,0,0
P018,Caucho natural,0,0,0,0,0,0,0,-0,0,0
P019,Propagación de plantas,0,10.1824415832454,0,0,0,0,0,-0,10.1824415832454,10.1824415832454
P020,"Otros frutos oleaginosos, otras plantas bebestibles y especias aromáticas",0,30.9454746626395,0,0,0,0,0,-0,30.9454746626395,30.9454746626395
P021,Ganado bovino,0,0,0,0,5.7247305343,0,0,-0,5.7247305343,5.7247305343
P022,Ganado porcino y otro tipo de animales vivos n.c.p.,0,0,0,0,2.079646,0,0,-0,2.079646,2.079646
P023,Aves de corral,0,0,0,0,0,0,0,-0,0,0
P024,Leche cruda,0,0,0,0,0,0,0,-0,0,0
P025,Huevos,0,560.768378788243,0,0,0,0,0,-0,560.768378788243,560.768378788243
P026,Otros productos de animales vivos,0,0.00191743,0,0,0,0,0,-0,0.00191743,0.00191743
P027,Troncos de madera y leña,0,0,0,0,0,0,0,-0,0,0
P028,Productos forestales no madereros,0,16.836217303885,0,0,0,0,0,-0,16.836217303885,16.836217303885
P029,"Peces vivos, frescos o refrigerados",0,5.1893349742044,0,0,0,0,0,-0,5.1893349742044,5.1893349742044
P030,Crustáceos sin congelar y otros productos de la pesca,0,2.24085973725069,0,0,0,0,0,-0,2.24085973725069,2.24085973725069
P031,Petróleo crudo y gas natural,0,0,0,0,0,0,0,-0,0,0
P032,Minerales metálicos,0,0,0,0,0,-0.228695167136007,0,-0,-0.228695167136007,-0.228695167136006
P033,Minerales no metálicos,0.063141415,4.64250451760005,0,0.251002043837044,0,-6.47645123572155,0,-0,-1.51980325928446,-1.51980325928434
P034,Carne y despojos comestibles de ganado bovino; cueros y pieles de bovino y de otros animales,0,122.566845482742,0.000967285377482282,0.0050381489134905,0,-0.107282311093408,0,-0,122.46556860594,122.46556860594
P035,Carne y despojos comestibles de ganado porcino,0,18.9600549746644,0,0,0,0.246786028242276,0,-0,19.2068410029066,19.2068410029066
P036,Carne y despojos comestibles de aves,0,321.699286016936,0.0195509461503101,0.00236009519593298,0,-1.08633798307135,0,-0,320.634859075211,320.634859075211
P037,Carne y despojos de otros animales y conservas y preparados de carne,0,227.194871191051,0,0,0,-0.654569549160712,0,-0,226.54030164189,226.54030164189
P038,"Pescado congelado, preparado o en conserva y sus productos",0,81.4751628525065,0,0,0,4.25919082230511,0,-0,85.7343536748116,85.7343536748115
P039,"Crustáceos, moluscos y demás invertebrados acuáticos congelados, preparados o en conserva y sus productos",0,10.3257718370644,0,0,0,-3.11446296671255,0,-0,7.21130887035185,7.21130887035184
P040,"Vegetales preparados o en conserva, legumbres y papas",0,99.9835765939993,0.00699385943105229,0,0,3.42372883490283,0,-0,103.414299288333,103.414299288333
P041,Preparaciones y conservas de frutas y nueces,0,259.068513872172,0,0,0,2.47955035957045,0,-0,261.548064231742,261.548064231742
P042,Jugos de frutas,0,29.7335245297111,0,0,0,0.262030602574166,0,-0,29.9955551322852,29.9955551322852
P043,Aceites de origen vegetal,0,462.333066085726,4.05522092251179,3.84502764133536,0,3.24543547655846,0,-0,473.478750126132,473.478750126132
P044,"Margarina, grasas y otros aceites de origen animal y vegetal",0,230.045325601844,0,0,0,-2.49554716328447,0,-0,227.549778438559,227.549778438559
P045,Leche líquida y crema procesada,0,186.797670721952,0.0351335300102965,0,0,0.323065147745826,0,-0,187.155869399708,187.155869399708
P046,Otros productos lácteos n.c.p.,0.808288844877424,653.722495745563,0.00931196362001971,10.7564708602997,0,0.380886262746049,0,-0,665.677453677106,665.677453677106
P047,Harina de trigo,0,9.07587055568422,0.0110764816265099,0,0,0.569812537588787,0,-0,9.65675957489952,9.6567595748995
P048,Arroz sin cáscara,0,23.0073689854856,21.1258753904547,3.80188544501701,0,0.41650060304457,0,-0,48.3516304240018,48.3516304240018
P049,"Otros productos de molinería, almidones y productos de almidón",0,499.650404683484,6.70753419891234,38.564377910336,0,13.0257863769423,0,-0,557.948103169674,557.948103169674
P050,Pan y otros productos de panadería y repostería n.c.p.,0,290.127172547831,0.0120842753026396,0.114344625855562,0,-0.106524552980774,0,-0,290.147076896009,290.147076896009
P051,"Tortillas de maíz, incluso tostadas, horneadas o fritas",0,0,0,0,0,0,0,-0,0,0
P052,"Azúcar de caña sin refinar y refinada, melaza y los demás azúcares n.c.p.",0,0,9.64135252212207e-19,0,0,-0.0491052629474605,0,-0,-0.0491052629474605,-0.0491052629474602
P053,Productos alimenticios n.c.p.,0,2104.53942072134,8.71328204180938,39.5880033744797,0,-1.33004048737701,0,-0,2151.51066565025,2151.51066565025
P054,Preparados para alimentación animal,0,181.40109139187,0.00354286215544887,0,0,-2.0704711613979,0,-0,179.334163092627,179.334163092627
P055,"Aguardientes, licores, vinos, demás bebidas espirituosas y productos del tabaco",0,345.030719726518,0,0,0,2.20564740040845,0,-0,347.236367126927,347.236367126927
P056,Malta y cerveza de malta,0,86.8912813649002,0,0,0,49.2556079692453,0,-0,136.146889334146,136.146889334145
P057,Bebidas no alcohólicas,0,510.742388571586,0.867219814721516,0.126613872971256,0,4.09288253900113,0,-0,515.82910479828,515.82910479828
P058,Aguas minerales y otras aguas embotelladas,0,5.54932375432106,0.00218600062709247,0.00378318224633059,0,-0.00135834295029277,0,-0,5.55393459424419,5.55393459424419
P059,"Hilados, tejidos, telas y otros productos textiles excepto prendas de vestir",0,352.324863327821,0.00356292106260382,0,0,58.4266226840089,0,-0,410.755048932892,410.755048932893
P060,"Prendas de vestir, adobo y teñido de pieles",0,1796.44091650829,2.21163982351532,0,0,12.5101274919302,0,-0,1811.16268382373,1811.16268382373
P061,Cuero de piel curtida o adobada y cuero artificial o regenerado y artículos de cuero,0,211.539184031014,0,0.0268527056422262,0,1.24017091891995,0,-0,212.806207655576,212.806207655576
P062,"Calzado y sus partes, de cualquier material y de cualquier uso",0,1134.50067505732,0,0,0,1.5384172550069,0,-0,1136.03909231233,1136.03909231233
P063,"Madera aserrada y acepillada, productos de madera, corcho, paja y materiales trenzables",0,7.88564955040037,0,0,39.7606197584,2.83824853424889,0,-0,50.4845178430493,50.4845178430493
P064,Pasta de papel y papel,0,1619.0118735249,6.25820844792883,8.20816888940148,0,18.1126474186738,0,-0,1651.5908982809,1651.5908982809
P065,Envases de papel y cartón,0,0.965560099111361,0,0,0,1.373942762946,0,-0,2.33950286205736,2.33950286205737
P066,Productos de la edición,0,283.263094029696,1.08920248304402,0,0,168.754183432456,0,-0,453.106479945196,453.106479945196
P067,Productos de la impresión,0,14.9936599922449,0,0,0,0.329193524445272,0,-0,15.3228535166902,15.3228535166902
P068,"Gasolinas, diésel oil y fuel oils",921.76585411806,7004.80605076969,0,0,0,240.349142019216,0,-0,8166.92104690696,8166.92104690696
P069,"Aceites, grasas lubricantes y otros aceites preparados",4.41639082227831,47.3890824852331,0,0,0,26.9472476697958,0,-0,78.7527209773073,78.7527209773073
P070,"Gases de petróleo, otros productos de la refinación de petróleo n.c.p.",1254.52007312461,1167.04799007674,0,0,0,97.3367021486102,0,-0,2518.90476534996,2518.90476534996
P071,"Abonos, fertilizantes y pesticidas",0,5.5940367295078,0,0,0,4.52348829741534,0,-0,10.1175250269231,10.1175250269234
P072,"Pinturas, barnices, tintas y productos relacionados",0,45.8694962792841,3.22247522933776,0,0,1.37570108119315,0,-0,50.467672589815,50.467672589815
P073,"Jabón, preparados de limpieza, perfumes y preparados de toilet",0,2096.12203074159,0,0,0,-1.66603719571622,0,-0,2094.45599354587,2094.45599354587
P074,Otros productos químicos,205.039543234673,394.830548233483,0,0,0,95.1557561075024,0,-0,695.025847575659,695.025847575658
P075,Productos farmacéuticos,0,2013.8136742489,131.432273433539,1260.18863896096,0,25.114144048869,0,-0,3430.54873069227,3430.54873069227
P076,Productos de caucho y plástico,0,1208.93243359117,3.7452745492198,0,0,6.45520916846004,0,-0,1219.13291730885,1219.13291730885
P077,Vidrio y productos de vidrio,0,56.977035817301,0,0,0,2.02737774959598,0,-0,59.004413566897,59.004413566897
P078,Productos de cerámica y arcilla,0,75.7777164883488,0,0,0,2.45408062719782,0,-0,78.2317971155466,78.2317971155466
P079,"Cemento, cal y yeso",0,4.19941114080763,0,0,0,1.38384197751104,0,-0,5.58325311831867,5.58325311831868
P080,"Artículos de hormigón, cemento y yeso",0,0.00262967656352612,0,0,0,0.483541942371339,0,-0,0.486171618934865,0.486171618934861
P081,Piedras talladas para construcción y otros productos minerales no metálicos n.c.p.,8.4439546455,13.7752186417395,0,0,0,6.78743390150109,0,-0,29.0066071887406,29.0066071887406
P082,"Métales básicos de hierro y acero, productos primarios de metales preciosos y otros metales no ferrosos",43.71922,0.0348164775019113,0,0,0,34.936780427105,0,-0,78.6908169046069,78.6908169046073
P083,Productos metálicos estructurales y sus partes de hierro o de acero,0,101.925394348427,0,0,0,2.4455716393985,0,-0,104.370965987825,104.370965987825
P084,Otros productos elaborados de metal,0,478.677036201148,0,0.0101029467184498,510.432917064997,21.2670663673099,0,-0,1010.38712258017,1010.38712258017
P085,"Maquinaria para usos generales y especiales, sus partes y piezas, excepto electrodomésticos",447.262552137963,64.4090835089312,0,0,5706.14238977481,41.3046352812337,0,-0,6259.11866070294,6259.11866070294
P086,Electrodomésticos y sus partes,25.7316463870096,738.665821245398,0,0.00193768604936293,162.688160139955,5.34203732609542,0,-0,932.429602784507,932.429602784507
P087,"Maquinaria de oficina, contabilidad e informática, sus partes y piezas",28.8035822138619,385.674466727112,0,0,1222.02801955513,2.02836645305874,0,-0,1638.53443494917,1638.53443494917
P088,"Maquinaria y aparatos eléctricos, sus partes y piezas",60.3407354925744,217.539163065463,0,0,1535.72859890414,82.1144065379673,0,-0,1895.72290400014,1895.72290400014
P089,"Equipo y aparatos de radio, televisión y comunicaciones",114.580748828586,4258.20014859108,0,0,1437.31303446783,127.230340818913,0,-0,5937.32427270641,5937.32427270641
P090,"Aparatos médicos, instrumentos ópticos y de precisión, relojes",54.2429717831771,154.538611114237,11.356683118266,4.00114537433194,1058.23738036996,30.2418689499349,0,-0,1312.6186607099,1312.6186607099
P091,Equipo de transporte,40.24520136407,2728.01032020631,0.149206238329023,0,4094.1578450585,33.1471364227219,0,-0,6895.70970928993,6895.70970928993
P092,Muebles,0,352.399346316234,0,0,206.1636394213,1.07144587234989,0,-0,559.634431609883,559.634431609883
P093,Otros artículos n.c.p.,119.868795503584,628.722854225478,6.96245970660681,2.80467123910031,151.36922033837,1.72818038408192,0,-0,911.456181397221,911.456181397222
P094,Residuos y desechos,0,0,0,0,0,2.5614677139658,0,-0,2.5614677139658,2.56146771396578
P095,"Generación y distribución de energía eléctrica, gas, vapor y aire acondicionado",0,136.555813,0,0,0,0,0,-0,136.555813,136.555813
P096,Agua natural y distribución de agua natural,0,0,0,0,0,0,0,-0,0,0
P097,"Evacuación de aguas residuales, recogida, tratamiento y eliminación de desechos",0,0,0,0,0,0,0,-0,0,0
P098,Edificaciones residenciales,0,0,0,0,0,0,0,-0,0,0
P099,Edificaciones no residenciales,0,0,0,0,0,0,0,-0,0,0
P100,Obras de ingeniería civil,0,0,0,0,0,0,0,-0,0,0
P101,Servicios generales y especializados de construcción,0,0,0,0,0,0,0,-0,0,0
P102,Servicios de comercio,0,0,0,0,0,0,0,-0,0,0
P103,Mantenimiento y reparación de vehículos automotores y motocicletas,0,0,0,0,0,0,0,-0,0,0
P104,Servicio de transporte de pasajeros por vía terrestre,0,43.4009146595445,0,0,0,0,0,-0,43.4009146595445,43.4009146595445
P105,Servicio de transporte de carga por vía terrestre,0,0,0,0,0,0,23.9879956546108,-23.9879956546108,-23.9879956546108,-23.9879956546108
P106,Otros tipos de transporte,0,1191.38700657126,0,0,0,0,0,-0,1191.38700657126,1191.38700657126
P107,Servicios de almacenamiento y depósito,0,0,0,0,0,0,0,-0,0,0
P108,Otros servicios de apoyo al transporte,0,0,0,0,0,0,0,-0,0,0
P109,Servicios postales y de mensajería,0,0,0,0,0,0,0,-0,0,0
P110,Servicio de alojamiento,0,0,0,0,0,0,0,-0,0,0
P111,Servicio de suministro de comidas y bebidas,0,0,0,0,0,0,0,-0,0,0
P112,"Servicios de información, telecomunicaciones y radiodifusión",0,0,0,0,0,0,0,-0,0,0
P113,Servicios de banco central,0,0,0,0,0,0,0,-0,0,0
P114,Otros servicios financieros y servicios de banca de inversión,0,0.0596754610191113,0,0,0,0,0,-0,0.0596754610191113,0.0596754610191397
P115,Servicios de Intermediación Financiera Medidos Indirectamente (SIFMI),0,44.2903514471672,0,0,0,0,0,-0,44.2903514471672,44.2903514471673
P116,"Servicios de seguro, reaseguro y fondos de pensiones",0,0.223259412876246,0,0,0,0,0,-0,0.223259412876246,0.223259412876359
P117,Servicios auxiliares de la intermediación financiera,0,0,0,0,0,0,0,-0,0,0
P118,Servicios de alquiler de vivienda,0,0,0,0,0,0,0,-0,0,0
P119,"Otros servicios inmobiliarios, excepto alquiler de vivienda",0,0,0,0,0,0,0,-0,0,0
P120,"Servicios jurídicos, de contabilidad, auditoría, teneduría de libros y consultoría fiscal",0,0.000480647073377583,0,0,0,0,0,-0,0.000480647073377583,0.000480647073377583
P121,Servicios de tecnología de la información,0,0,0,0,147.231420167118,0,0,-0,147.231420167118,147.231420167118
P122,"Servicios de arquitectura e ingeniería, ensayos y análisis técnicos",0,0,0,0,0,0,0,-0,0,0
P123,"Otros servicios profesionales, científicos y técnicos",0,0,0,0,0,0,0,-0,0,0
P124,Servicios de publicidad y estudios de mercado,0,0,0,0,0,0,0,-0,0,0
P125,Servicios de arrendamiento o alquiler sin operador,0,0,0,0,0,0,0,-0,0,0
P126,Servicios  de agencias de empleo y de dotación de recursos humanos,0,0,0,0,0,0,0,-0,0,0
P127,"Servicios de agencias de viajes, operadores turísticos y actividades conexas",0,0,0,0,0,0,0,-0,0,0
P128,"Servicios de seguridad, sistemas de seguridad e investigación privada",0,0,0,0,0,0,0,-0,0,0
P129,Servicios de limpieza,0,0,0,0,0,0,0,-0,0,0
P130,Servicios telefónicos de centros de llamadas,0,0,0,0,0,0,0,-0,0,0
P131,"Servicios administrativos, de apoyo de oficina y otros servicios de apoyo a las empresas",0,0,0,0,0,0,0,-0,0,0
P132,"Servicios de mantenimiento, reparación e instalación de productos metálicos elaborados, maquinaria y equipo",0,7.13799300688292e-05,0,0,0,0,0,-0,7.13799300688292e-05,7.13799300687823e-05
P133,Servicios de reparación de otros bienes,0,0,0,0,0,0,0,-0,0,0
P134,"Servicios de apoyo a la agricultura, caza, silvicultura y pesca",0,0,0,0,0,0,0,-0,0,0
P135,"Servicios de apoyo a la explotación de minas y canteras y los relacionados con la distribución de electricidad, gas y agua",0,0,0,0,0,0,0,-0,0,0
P136,Servicios de manufactura,0,0,0,0,0,0,0,-0,0,0
P137,Servicios públicos del gobierno general,0,0,0,0,0,0,0,-0,0,0
P138,"Servicios públicos administrativos relacionados con la provisión de servicios educativos, de salud, servicios sociales, culturales y otros, sin contar los servicios de seguridad social",0,0,0,0,0,0,0,-0,0,0
P139,Otros servicios administrativos,0,0,0,0,0,0,0,-0,0,0
P140,Servicios públicos administrativos prestados a la comunidad en su conjunto,0,252.573702488836,0,0,0,0,0,-0,252.573702488836,252.573702488836
P141,Servicios administrativos relacionados con los sistemas de seguridad social de afiliación obligatoria,0,0,0,0,0,0,0,-0,0,0
P142,Servicios de enseñanza,0,0,0,0,0,0,0,-0,0,0
P143,Servicios de hospitalización,0,0,0,0,0,0,0,-0,0,0
P144,Servicios médicos y dentales,0,0,0,0,0,0,0,-0,0,0
P145,Otros servicios de atención de la salud humana,0,0,0,0,0,0,0,-0,0,0
P146,"Servicios audiovisuales, recreativos, culturales y deportivos",0,0,0,0,0,0,0,-0,0,0
P147,Servicios de asociaciones que sirven a las empresas,0,0,0,0,0,0,0,-0,0,0
P148,Servicios de asociaciones que sirven a los hogares,0,0,0,0,0,0,0,-0,0,0
P149,Otros servicios,0,0,0,0,0,0,0,-0,0,0
P150,Servicios domésticos,0,0,0,0,0,0,0,-0,0,0
P151,Compras directas en el exterior por residentes,0,79.46640774,0,0,18.44182685,0,0,-0,97.90823459,97.90823459
P152,Compras directas en el territorio nacional por no residentes,0,6042.4467160802,0,0,0,0,0,-0,6042.4467160802,6042.4467160802
