codigo,producto,produccion_precios_basicos,total_utilizacion_precios_basicos,diferencia_produccion_utilizacion,producto_interno_bruto,puestos_trabajo
P001,Maíz,4738.5275946788,4738.52759467893,-1.31876731757075e-10,4574.77360996765,818592.550480366
P002,Frijoles,1539.416785,1539.41678500003,-3.36513039655983e-11,1466.99427966055,333217
P003,Leguminosas (legumbres secas) y semillas oleaginosas,664.937440953739,664.937440953665,7.37827576813288e-11,667.171633593118,93732
P004,Arroz,116.23907099526,116.239070995237,2.28226326726144e-11,116.824878645387,3057
P005,Otros cereales,106.479291666462,106.479294790933,-3.1244708225131e-06,106.917099510881,16020
P006,Hortalizas,5264.68204028225,5264.68204028202,2.21916707232594e-10,5286.26044844014,139934
P007,Sandías y melones,1261.68247768771,1261.68247768753,1.87583282240666e-10,1266.67398258227,30636
P008,Ejotes y arvejas,771.170681856689,771.170681856664,2.43289832724258e-11,774.033693541853,20680
P009,Raíces y tubérculos,1747.91087520171,1747.91087520178,-7.07132130628452e-11,1756.74688652245,36732
P010,Caña de azúcar y otras plantas azucareras,6154.02174999346,6154.02174987067,1.22791789181065e-07,6218.27874103235,23900
P011,Tabaco y otras plantas no perennes,1283.65529144214,1283.65529144213,5.22959453519434e-12,1289.8244469452,29641
P012,"Bananos, plátanos y otros",6040.07004536788,6040.0700453679,-2.63753463514149e-11,6075.08545391474,75316
P013,Frutas tropicales y subtropicales,1653.65312581199,1653.65312581201,-1.20508047984913e-11,1657.5441869793,68013
P014,"Berries, otras frutas y semillas de frutas",1714.38148759881,1714.381487599,-1.91448634723201e-10,1720.62073167112,73119
P015,Palma africana,2414.89831270121,2414.89831270121,4.54747350886464e-13,2425.95345463659,23755
P016,Café en grano,9653.35154060787,9653.35154060787,-1.81898940354586e-12,9663.21375775019,90379
P017,Cardamomo,2322.39620650591,2322.39620650591,0,2327.01063125782,41324
P018,Caucho natural,2982.82958176672,2982.82958176672,-4.54747350886464e-13,3001.43746944892,15951
P019,Propagación de plantas,566.545105558973,566.545105559113,-1.40062184073031e-10,580.179307894662,11633
P020,"Otros frutos oleaginosos, otras plantas bebestibles y especias aromáticas",232.125537137539,232.125537137404,1.35173650051001e-10,234.488690747514,8096
P021,Ganado bovino,4026.88186732836,4026.88186732836,0,4038.94108984354,79479
P022,Ganado porcino y otro tipo de animales vivos n.c.p.,1370.894190518,1370.894190518,0,1377.19075608179,21011
P023,Aves de corral,6672.83395659852,6672.83395659852,0,6690.48667178101,27662
P024,Leche cruda,1747.58975889915,1747.58975889915,0,1755.81083471304,10860
P025,Huevos,2841.03907277424,2841.03907277418,6.13908923696727e-11,2848.18100626302,22805
P026,Otros productos de animales vivos,115.807452912907,115.807452912901,5.95434812566964e-12,116.198042944749,2231
P027,Troncos de madera y leña,4653.65190682008,4653.65190682008,0,4679.64272345519,249213
P028,Productos forestales no madereros,231.532974428041,231.532974427956,8.50661763251992e-11,232.935274068587,9523
P029,"Peces vivos, frescos o refrigerados",885.904900768382,885.904900768383,-1.02318153949454e-12,919.355659112779,20416
P030,Crustáceos sin congelar y otros productos de la pesca,888.22815407686,888.228154077007,-1.46542333823163e-10,894.106722120168,9420
P031,Petróleo crudo y gas natural,2522.5645694791,2522.5645694791,0,2546.37133149128,571
P032,Minerales metálicos,4027.6882440464,4027.6882440464,-4.54747350886464e-13,4057.69496133627,2603
P033,Minerales no metálicos,1899.97997412322,1899.97997413105,-7.83347786637023e-09,1925.21803525911,25375
P034,Carne y despojos comestibles de ganado bovino; cueros y pieles de bovino y de otros animales,6361.34972801057,6361.34972801044,1.2732925824821e-10,6381.51606802519,26321
P035,Carne y despojos comestibles de ganado porcino,1270.38454514202,1270.38454514204,-2.43289832724258e-11,1272.28116324742,6855
P036,Carne y despojos comestibles de aves,7706.97067107293,7706.9706710728,1.24600774142891e-10,7730.42549525028,20951
P037,Carne y despojos de otros animales y conservas y preparados de carne,2521.85939006094,2521.85939006095,-9.54969436861575e-12,2540.6809733774,7778
P038,"Pescado congelado, preparado o en conserva y sus productos",607.665778169527,607.66577816961,-8.31050783745013e-11,614.624015565595,686
P039,"Crustáceos, moluscos y demás invertebrados acuáticos congelados, preparados o en conserva y sus productos",468.218129493371,468.218129493431,-6.05382410867605e-11,470.413733761721,543
P040,"Vegetales preparados o en conserva, legumbres y papas",1010.1147315065,1010.11473150649,1.26192389870994e-11,1021.42278028188,1316
P041,Preparaciones y conservas de frutas y nueces,987.500693528172,987.500693528315,-1.42904355016071e-10,992.350666384398,2416
P042,Jugos de frutas,1135.47553891784,1135.47553891794,-9.43600753089413e-11,1147.6621881759,1914
P043,Aceites de origen vegetal,4548.24270508743,4548.24270508747,-3.91082721762359e-11,4561.98907595388,8071
P044,"Margarina, grasas y otros aceites de origen animal y vegetal",1112.92683406251,1112.92683406244,6.98037183610722e-11,1118.44451051997,2454
P045,Leche líquida y crema procesada,1036.48865748733,1036.4886574874,-6.57109922030941e-11,1044.34534880827,7414
P046,Otros productos lácteos n.c.p.,1933.42366171729,1933.42366171848,-1.19371179607697e-09,1950.71165236569,14668
P047,Harina de trigo,2168.86374150103,2168.86374150094,9.36779542826116e-11,2181.11815422933,526
P048,Arroz sin cáscara,543.081314663716,543.081314663625,9.12905306904577e-11,548.20010181104,308
P049,"Otros productos de molinería, almidones y productos de almidón",1139.6597417597,1139.65974175971,-9.54969436861575e-12,1148.15085625786,2719
P050,Pan y otros productos de panadería y repostería n.c.p.,7600.81204885762,7600.81204885773,-1.08229869510978e-10,7642.93427084443,53760
P051,"Tortillas de maíz, incluso tostadas, horneadas o fritas",5718.29089294875,5718.29089294875,9.09494701772928e-13,5734.66419407725,154441
P052,"Azúcar de caña sin refinar y refinada, melaza y los demás azúcares n.c.p.",13042.7612963944,13042.7612963944,4.36557456851006e-11,13085.3228457223,6560
P053,Productos alimenticios n.c.p.,7151.65821807651,7151.65821807631,2.03726813197136e-10,7228.43770061102,16575
P054,Preparados para alimentación animal,6030.89496586291,6030.89496586297,-6.3664629124105e-11,6045.71479047949,8530
P055,"Aguardientes, licores, vinos, demás bebidas espirituosas y productos del tabaco",1493.556634698,1493.55663469791,8.8220986071974e-11,1516.0520356053,1207
P056,Malta y cerveza de malta,1419.58336687142,1419.58336687146,-3.86535248253495e-11,1435.99080187806,335
P057,Bebidas no alcohólicas,7152.15783005107,7152.15783005108,-1.36424205265939e-11,7230.66184138165,3639
P058,Aguas minerales y otras aguas embotelladas,1151.29063086204,1151.29063086211,-6.79847289575264e-11,1158.75290935848,1322
P059,"Hilados, tejidos, telas y otros productos textiles excepto prendas de vestir",4618.59482054646,4618.59482052871,1.7751517589204e-08,4662.30274274152,35729
P060,"Prendas de vestir, adobo y teñido de pieles",6479.82900663765,6479.82900663961,-1.95632310351357e-09,6551.66592445795,41810
P061,Cuero de piel curtida o adobada y cuero artificial o regenerado y artículos de cuero,1141.11861654632,1141.11861654634,-2.31921148952097e-11,1149.33634061463,9525
P062,"Calzado y sus partes, de cualquier material y de cualquier uso",1371.70396926863,1371.70396926866,-3.18323145620525e-11,1384.51888188568,8823
P063,"Madera aserrada y acepillada, productos de madera, corcho, paja y materiales trenzables",3232.63126109632,3232.63126109635,-2.45563569478691e-11,3258.38594651011,19893
P064,Pasta de papel y papel,1609.07354557538,1609.07354557564,-2.58296495303512e-10,1623.88440730861,2646
P065,Envases de papel y cartón,2720.92212793035,2720.92212793054,-1.95996108232066e-10,2742.60466627575,6006
P066,Productos de la edición,1307.7268477696,1307.72684776933,2.68073563347571e-10,1317.23053697041,2335
P067,Productos de la impresión,1683.71545512565,1683.71545512564,7.50333128962666e-12,1703.16907901755,8082
P068,"Gasolinas, diésel oil y fuel oils",119.18752554828,119.187525548305,-2.45705678025843e-11,119.745366591542,36
P069,"Aceites, grasas lubricantes y otros aceites preparados",0,0,0,0,0
P070,"Gases de petróleo, otros productos de la refinación de petróleo n.c.p.",187.927719220119,187.927719220372,-2.52043719228823e-10,189.882682184441,39
P071,"Abonos, fertilizantes y pesticidas",4425.01008551088,4425.01008551092,-3.91082721762359e-11,4454.22163500914,2727
P072,"Pinturas, barnices, tintas y productos relacionados",1030.85683353494,1030.85683353495,-6.59383658785373e-12,1041.99356046867,2057
P073,"Jabón, preparados de limpieza, perfumes y preparados de toilet",4141.02083743542,4141.02083743533,8.54925019666553e-11,4178.50627069708,6535
P074,Otros productos químicos,3266.28220093921,3266.28220094008,-8.66293703438714e-10,3287.72214249592,5689
P075,Productos farmacéuticos,2427.51929867629,2427.51929868086,-4.56293491879478e-09,2455.3641486607,3151
P076,Productos de caucho y plástico,7898.71526704141,7898.71526704155,-1.45519152283669e-10,7958.30673180024,18525
P077,Vidrio y productos de vidrio,698.563149758438,698.563149758455,-1.69393388205208e-11,705.332141327161,596
P078,Productos de cerámica y arcilla,1318.05920734679,1318.05920734675,3.68345354218036e-11,1330.11163819298,17954
P079,"Cemento, cal y yeso",4270.90379471557,4270.9037947153,2.71938915830106e-10,4316.68069847269,2541
P080,"Artículos de hormigón, cemento y yeso",2121.42805710083,2121.42805710102,-1.81444193003699e-10,2165.17169314267,6767
P081,Piedras talladas para construcción y otros productos minerales no metálicos n.c.p.,587.78490296724,587.78490296732,-8.01492205937393e-11,594.860685741553,2351
P082,"Métales básicos de hierro y acero, productos primarios de metales preciosos y otros metales no ferrosos",4879.7175822297,4879.71758223381,-4.10909706261009e-09,4920.74065050387,3008
P083,Productos metálicos estructurales y sus partes de hierro o de acero,1571.09393742892,1571.093937429,-7.77617970015854e-11,1586.86762258867,9501
P084,Otros productos elaborados de metal,2538.60536408573,2538.60536408621,-4.76120476378128e-10,2567.88556691619,13384
P085,"Maquinaria para usos generales y especiales, sus partes y piezas, excepto electrodomésticos",1942.761139475,1942.76113947594,-9.40872268984094e-10,1958.49304536087,5505
P086,Electrodomésticos y sus partes,0,3.1229548035988e-08,-3.1229548035988e-08,0,0
P087,"Maquinaria de oficina, contabilidad e informática, sus partes y piezas",0,2.1801414680877e-08,-2.1801414680877e-08,0,0
P088,"Maquinaria y aparatos eléctricos, sus partes y piezas",1258.8127128628,1258.81271286266,1.3505996321328e-10,1275.4829024844,1919
P089,"Equipo y aparatos de radio, televisión y comunicaciones",0,0,0,0,0
P090,"Aparatos médicos, instrumentos ópticos y de precisión, relojes",48.1891350815446,48.1891350815258,1.88720150617883e-11,48.8471674215972,205
P091,Equipo de transporte,665.764400568657,665.764400568344,3.12638803734444e-10,672.570942655242,1810
P092,Muebles,4894.33843929797,4894.338439298,-2.45563569478691e-11,4931.13450088906,27237
P093,Otros artículos n.c.p.,1571.34722595069,1571.34722595044,2.50793164013885e-10,1587.24167975557,9476
P094,Residuos y desechos,1356.7667311114,1356.76673111143,-3.09228198602796e-11,1374.29048438481,16135
P095,"Generación y distribución de energía eléctrica, gas, vapor y aire acondicionado",14244.3333291122,14244.3333291122,1.81898940354586e-12,14346.992678358,10070
P096,Agua natural y distribución de agua natural,3403.61196747179,3403.61196747178,4.54747350886464e-13,3443.93615602776,35056
P097,"Evacuación de aguas residuales, recogida, tratamiento y eliminación de desechos",729.175866782281,729.175866782281,1.13686837721616e-13,741.532250213835,11567
P098,Edificaciones residenciales,15309.2352312153,15309.2352312153,0,15461.6275087079,189189
P099,Edificaciones no residenciales,6341.69554987791,6341.85886074381,-0.163310865901622,6417.45169140633,37813
P100,Obras de ingeniería civil,11112.924307115,11112.924307115,0,11258.7566222034,36716
P101,Servicios generales y especializados de construcción,9928.68689764642,9928.68689764621,2.11002770811319e-10,10070.7289278315,53867
P102,Servicios de comercio,102043.638229806,102043.63822981,-3.91446519643068e-09,102790.933285799,1138634.44951963
P103,Mantenimiento y reparación de vehículos automotores y motocicletas,8257.92418508037,8257.92418508044,-7.09405867382884e-11,8359.54790124919,92425
P104,Servicio de transporte de pasajeros por vía terrestre,5949.81031614124,5949.81031614124,-9.09494701772928e-13,6076.34742347332,53031
P105,Servicio de transporte de carga por vía terrestre,11417.858404075,11417.6684040842,0.189999990836441,11730.6410391658,90942
P106,Otros tipos de transporte,484.03552693503,484.035526495431,4.39598750290315e-07,491.58496171782,1872
P107,Servicios de almacenamiento y depósito,259.314216592575,259.314216592613,-3.76871867047157e-11,261.59164813325,1398
P108,Otros servicios de apoyo al transporte,5874.55492081209,5874.55492081204,4.82032191939652e-11,5926.2875148106,27944
P109,Servicios postales y de mensajería,1105.40161433951,1105.40161433952,-1.88720150617883e-11,1123.60869179968,6434
P110,Servicio de alojamiento,1875.44517882543,1875.44517882543,2.27373675443232e-13,1897.23043554128,17022
P111,Servicio de suministro de comidas y bebidas,27427.2696461057,27427.2696461057,2.5465851649642e-11,27767.3916610923,298374
P112,"Servicios de información, telecomunicaciones y radiodifusión",23512.7925804241,23512.7925804242,-6.18456397205591e-11,23704.5156648987,25809
P113,Servicios de banco central,696.027746796241,696.027746796241,0,708.752800815862,845
P114,Otros servicios financieros y servicios de banca de inversión,2169.24976302881,2169.24976302881,4.54747350886464e-13,2191.35305197945,2549
P115,Servicios de Intermediación Financiera Medidos Indirectamente (SIFMI),13885.1132921169,13885.1132921171,-2.0190782379359e-10,13969.7516171877,30686
P116,"Servicios de seguro, reaseguro y fondos de pensiones",3772.90364649318,3772.90364649317,1.59161572810262e-11,3817.04587931557,2267
P117,Servicios auxiliares de la intermediación financiera,4359.16840793789,4359.16840793789,2.72848410531878e-12,4390.92094968103,10827
P118,Servicios de alquiler de vivienda,30462.7748683978,30462.7748683978,-3.63797880709171e-12,30498.6752882354,0
P119,"Otros servicios inmobiliarios, excepto alquiler de vivienda",10648.6153650858,10648.6153650858,0,10726.7901709288,41188
P120,"Servicios jurídicos, de contabilidad, auditoría, teneduría de libros y consultoría fiscal",3795.32785254931,3795.32785254862,6.85304257785901e-10,3813.85875781478,27701
P121,Servicios de tecnología de la información,2234.78042277744,2234.78042277758,-1.45519152283669e-10,2259.27429932583,10660
P122,"Servicios de arquitectura e ingeniería, ensayos y análisis técnicos",2625.15714309858,2625.15714309858,-9.09494701772928e-13,2652.08571144352,7834
P123,"Otros servicios profesionales, científicos y técnicos",6769.11242359268,6769.13742359271,-0.0250000000251021,6818.37108099568,38964
P124,Servicios de publicidad y estudios de mercado,4401.47057780042,4401.47057780041,1.36424205265939e-11,4448.60388000146,14888
P125,Servicios de arrendamiento o alquiler sin operador,4856.55028565223,4856.55028565603,-3.79895936930552e-09,4900.68994645178,27215
P126,Servicios  de agencias de empleo y de dotación de recursos humanos,5859.53683797072,5859.53683797072,0,5877.01457275378,104741
P127,"Servicios de agencias de viajes, operadores turísticos y actividades conexas",707.71240078542,707.71240078542,-1.13686837721616e-13,715.699522404245,3834
P128,"Servicios de seguridad, sistemas de seguridad e investigación privada",3393.23159681246,3393.23159681246,-9.09494701772928e-13,3411.3760499914,45441
P129,Servicios de limpieza,1014.42911109386,1014.42911109386,1.13686837721616e-13,1021.94895927502,12356
P130,Servicios telefónicos de centros de llamadas,2128.52825455496,2128.52825455502,-6.00266503170133e-11,2139.37985433754,15507
P131,"Servicios administrativos, de apoyo de oficina y otros servicios de apoyo a las empresas",2293.63836551987,2293.63836551981,5.72981662116945e-11,2316.45246347827,16042
P132,"Servicios de mantenimiento, reparación e instalación de productos metálicos elaborados, maquinaria y equipo",3791.25875335514,3791.2587533552,-6.18456397205591e-11,3843.68098216897,9527
P133,Servicios de reparación de otros bienes,1250.19310761361,1250.19310761361,0,1259.30603044798,19877
P134,"Servicios de apoyo a la agricultura, caza, silvicultura y pesca",3070.59597749529,3070.59597749529,1.81898940354586e-12,3089.5654999508,174837
P135,"Servicios de apoyo a la explotación de minas y canteras y los relacionados con la distribución de electricidad, gas y agua",381.8733785494,381.8733785494,0,385.753411031922,250
P136,Servicios de manufactura,6817.20614666822,6817.20614666822,0,6867.50107964015,88283
P137,Servicios públicos del gobierno general,10283.765882568,10283.765882568,0,10444.1089308188,44198
P138,"Servicios públicos administrativos relacionados con la provisión de servicios educativos, de salud, servicios sociales, culturales y otros, sin contar los servicios de seguridad social",1832.16760074829,1832.16760074829,0,1847.60147907696,13529
P139,Otros servicios administrativos,4099.48947251279,4099.48947251279,0,4147.96758177682,21455
P140,Servicios públicos administrativos prestados a la comunidad en su conjunto,8682.33365248077,8682.33365248077,0,8723.96298482093,73794
P141,Servicios administrativos relacionados con los sistemas de seguridad social de afiliación obligatoria,738.227703465825,738.227703465825,0,741.398234285893,3789
P142,Servicios de enseñanza,19863.9379509429,19863.9379509429,4.36557456851006e-11,19955.7161148247,246068
P143,Servicios de hospitalización,6404.99384360084,6404.99384360084,0,6461.07733674766,47734
P144,Servicios médicos y dentales,4544.55080926705,4544.55080926705,0,4596.37213725217,26811
P145,Otros servicios de atención de la salud humana,2663.41360718373,2663.41360718373,-4.54747350886464e-13,2695.93718923497,77475
P146,"Servicios audiovisuales, recreativos, culturales y deportivos",2198.51496531136,2198.51496531137,-8.18545231595635e-12,2225.66914173898,15475
P147,Servicios de asociaciones que sirven a las empresas,265.549518565033,265.54951856504,-6.70752342557535e-12,268.273300347479,1316
P148,Servicios de asociaciones que sirven a los hogares,1925.97312464437,1925.97312464437,0,1960.58877288734,9164
P149,Otros servicios,7674.61149543887,7674.61149543887,0,7708.54380731987,86171
P150,Servicios domésticos,7294.0998186,7294.0998186,0,7294.0998186,355196
P151,Compras directas en el exterior por residentes,0,0,0,0,0
P152,Compras directas en el territorio nacional por no residentes,0,0,0,0,0
